{"nm":"Talking","ddd":0,"h":278,"w":386,"meta":{"g":"LottieFiles AE 1.1.0"},"layers":[{"ty":4,"nm":"Group 7","sr":1,"st":0,"op":600,"ip":0,"hd":false,"ddd":0,"bm":0,"hasMask":false,"ao":0,"ks":{"a":{"a":0,"k":[0,0,0],"ix":1},"s":{"a":0,"k":[100,100,100],"ix":6},"sk":{"a":0,"k":0},"p":{"a":0,"k":[193.224,139.761,0],"ix":2},"r":{"a":0,"k":0,"ix":10},"sa":{"a":0,"k":0},"o":{"a":0,"k":100,"ix":11}},"ef":[],"shapes":[{"ty":"rc","bm":0,"hd":false,"mn":"ADBE Vector Shape - Rect","nm":"Rectangle Path 1","d":1,"p":{"a":0,"k":[0,0],"ix":3},"r":{"a":0,"k":0,"ix":4},"s":{"a":0,"k":[172.448,201.523],"ix":2}}],"ind":1},{"ty":4,"nm":"mouth","sr":1,"st":0,"op":600,"ip":0,"hd":false,"ddd":0,"bm":0,"hasMask":false,"ao":0,"ks":{"a":{"a":0,"k":[0,0,0],"ix":1},"s":{"a":0,"k":[100,100,100],"ix":6},"sk":{"a":0,"k":0},"p":{"a":0,"k":[0,2.973,0],"ix":2},"r":{"a":0,"k":0,"ix":10},"sa":{"a":0,"k":0},"o":{"a":0,"k":100,"ix":11}},"ef":[],"shapes":[{"ty":"rc","bm":0,"hd":false,"mn":"ADBE Vector Shape - Rect","nm":"Rectangle Path 1","d":1,"p":{"a":0,"k":[0,0],"ix":3},"r":{"a":0,"k":0,"ix":4},"s":{"a":0,"k":[31.051,13.999],"ix":2}}],"ind":2,"parent":1},{"ty":4,"nm":"Group 6","sr":1,"st":0,"op":600,"ip":0,"hd":false,"ddd":0,"bm":0,"hasMask":false,"ao":0,"ks":{"a":{"a":0,"k":[0,0,0],"ix":1},"s":{"a":0,"k":[100,100,100],"ix":6},"sk":{"a":0,"k":0},"p":{"a":0,"k":[0,0,0],"ix":2},"r":{"a":0,"k":0,"ix":10},"sa":{"a":0,"k":0},"o":{"a":0,"k":100,"ix":11}},"ef":[],"shapes":[{"ty":"rc","bm":0,"hd":false,"mn":"ADBE Vector Shape - Rect","nm":"Rectangle Path 1","d":1,"p":{"a":0,"k":[0,0],"ix":3},"r":{"a":0,"k":0,"ix":4},"s":{"a":0,"k":[31.051,13.999],"ix":2}}],"ind":3,"parent":2},{"ty":4,"nm":"Path 37","sr":1,"st":0,"op":600,"ip":0,"hd":false,"ddd":0,"bm":0,"hasMask":false,"ao":0,"ks":{"a":{"a":0,"k":[15.525,4.527,0],"ix":1},"s":{"a":0,"k":[100,100,100],"ix":6},"sk":{"a":0,"k":0},"p":{"a":0,"k":[0,-2.473,0],"ix":2},"r":{"a":0,"k":0,"ix":10},"sa":{"a":0,"k":0},"o":{"a":0,"k":100,"ix":11}},"ef":[],"shapes":[{"ty":"gr","bm":0,"hd":false,"mn":"ADBE Vector Group","nm":"Path 37","ix":1,"cix":2,"np":2,"it":[{"ty":"sh","bm":0,"hd":false,"mn":"ADBE Vector Shape - Group","nm":"Path 1","ix":1,"d":1,"ks":{"a":1,"k":[{"o":{"x":0.333,"y":0},"i":{"x":0.667,"y":1},"s":[{"c":true,"i":[[-3.159,11.93],[5.879,1.987]],"o":[[-6.233,2.314],[3.249,11.838]],"v":[[31.051,0],[0,0.28]]}],"t":0},{"o":{"x":0.333,"y":0},"i":{"x":0.667,"y":1},"s":[{"c":true,"i":[[-7.188,2.938],[6.494,0.81]],"o":[[-6.885,0.943],[5.051,2.198]],"v":[[29.114,2.39],[5.688,2.692]]}],"t":11},{"o":{"x":0.333,"y":0},"i":{"x":0.667,"y":1},"s":[{"c":true,"i":[[-3.159,11.93],[5.879,1.987]],"o":[[-6.233,2.314],[3.249,11.838]],"v":[[31.051,0],[0,0.28]]}],"t":30},{"o":{"x":0.333,"y":0},"i":{"x":0.667,"y":1},"s":[{"c":true,"i":[[-5.25,11.14],[9.614,-6.89]],"o":[[-10.312,-6.11],[5.614,9.048]],"v":[[25.176,1.812],[8.562,3.655]]}],"t":47},{"o":{"x":0.333,"y":0},"i":{"x":0.667,"y":1},"s":[{"c":true,"i":[[-7.188,2.938],[6.494,0.81]],"o":[[-6.885,0.943],[5.051,2.198]],"v":[[29.114,2.39],[5.688,2.692]]}],"t":62},{"o":{"x":0.333,"y":0},"i":{"x":0.667,"y":1},"s":[{"c":true,"i":[[-5.25,11.14],[9.614,-6.89]],"o":[[-10.312,-6.11],[5.614,9.048]],"v":[[25.176,1.812],[8.562,3.655]]}],"t":71},{"o":{"x":0.333,"y":0},"i":{"x":0.667,"y":1},"s":[{"c":true,"i":[[-3.159,11.93],[5.879,1.987]],"o":[[-6.233,2.314],[3.249,11.838]],"v":[[31.051,0],[0,0.28]]}],"t":81},{"o":{"x":0.333,"y":0},"i":{"x":0.667,"y":1},"s":[{"c":true,"i":[[-3.159,11.93],[5.879,1.987]],"o":[[-6.233,2.314],[3.249,11.838]],"v":[[31.051,0],[0,0.28]]}],"t":93},{"o":{"x":0.333,"y":0},"i":{"x":0.667,"y":1},"s":[{"c":true,"i":[[-7.188,2.938],[6.494,0.81]],"o":[[-6.885,0.943],[5.051,2.198]],"v":[[29.114,2.39],[5.688,2.692]]}],"t":107},{"o":{"x":0.333,"y":0},"i":{"x":0.667,"y":1},"s":[{"c":true,"i":[[-3.159,11.93],[5.879,1.987]],"o":[[-6.233,2.314],[3.249,11.838]],"v":[[31.051,0],[0,0.28]]}],"t":120},{"o":{"x":0.333,"y":0},"i":{"x":0.667,"y":1},"s":[{"c":true,"i":[[-5.25,11.14],[9.614,-6.89]],"o":[[-10.312,-6.11],[5.614,9.048]],"v":[[25.176,1.812],[8.562,3.655]]}],"t":131},{"o":{"x":0.333,"y":0},"i":{"x":0.667,"y":1},"s":[{"c":true,"i":[[-7.188,2.938],[6.494,0.81]],"o":[[-6.885,0.943],[5.051,2.198]],"v":[[29.114,2.39],[5.688,2.692]]}],"t":143},{"o":{"x":0.333,"y":0},"i":{"x":0.667,"y":1},"s":[{"c":true,"i":[[-5.25,11.14],[9.614,-6.89]],"o":[[-10.312,-6.11],[5.614,9.048]],"v":[[25.176,1.812],[8.562,3.655]]}],"t":158},{"o":{"x":0.333,"y":0},"i":{"x":0.667,"y":1},"s":[{"c":true,"i":[[-3.159,11.93],[5.879,1.987]],"o":[[-6.233,2.314],[3.249,11.838]],"v":[[31.051,0],[0,0.28]]}],"t":170},{"o":{"x":0.333,"y":0},"i":{"x":0.667,"y":1},"s":[{"c":true,"i":[[-3.159,11.93],[5.879,1.987]],"o":[[-6.233,2.314],[3.249,11.838]],"v":[[31.051,0],[0,0.28]]}],"t":186},{"o":{"x":0.333,"y":0},"i":{"x":0.667,"y":1},"s":[{"c":true,"i":[[-7.188,2.938],[6.494,0.81]],"o":[[-6.885,0.943],[5.051,2.198]],"v":[[29.114,2.39],[5.688,2.692]]}],"t":197},{"o":{"x":0.333,"y":0},"i":{"x":0.667,"y":1},"s":[{"c":true,"i":[[-3.159,11.93],[5.879,1.987]],"o":[[-6.233,2.314],[3.249,11.838]],"v":[[31.051,0],[0,0.28]]}],"t":210},{"o":{"x":0.333,"y":0},"i":{"x":0.667,"y":1},"s":[{"c":true,"i":[[-5.25,11.14],[9.614,-6.89]],"o":[[-10.312,-6.11],[5.614,9.048]],"v":[[25.176,1.812],[8.562,3.655]]}],"t":224},{"o":{"x":0.333,"y":0},"i":{"x":0.667,"y":1},"s":[{"c":true,"i":[[-7.188,2.938],[6.494,0.81]],"o":[[-6.885,0.943],[5.051,2.198]],"v":[[29.114,2.39],[5.688,2.692]]}],"t":239},{"o":{"x":0.333,"y":0},"i":{"x":0.667,"y":1},"s":[{"c":true,"i":[[-5.25,11.14],[9.614,-6.89]],"o":[[-10.312,-6.11],[5.614,9.048]],"v":[[25.176,1.812],[8.562,3.655]]}],"t":248},{"o":{"x":0.333,"y":0},"i":{"x":0.667,"y":1},"s":[{"c":true,"i":[[-3.159,11.93],[5.879,1.987]],"o":[[-6.233,2.314],[3.249,11.838]],"v":[[31.051,0],[0,0.28]]}],"t":262},{"o":{"x":0.333,"y":0},"i":{"x":0.667,"y":1},"s":[{"c":true,"i":[[-3.159,11.93],[5.879,1.987]],"o":[[-6.233,2.314],[3.249,11.838]],"v":[[31.051,0],[0,0.28]]}],"t":276},{"o":{"x":0.333,"y":0},"i":{"x":0.667,"y":1},"s":[{"c":true,"i":[[-7.188,2.938],[6.494,0.81]],"o":[[-6.885,0.943],[5.051,2.198]],"v":[[29.114,2.39],[5.688,2.692]]}],"t":296},{"o":{"x":0.333,"y":0},"i":{"x":0.667,"y":1},"s":[{"c":true,"i":[[-3.159,11.93],[5.879,1.987]],"o":[[-6.233,2.314],[3.249,11.838]],"v":[[31.051,0],[0,0.28]]}],"t":311},{"o":{"x":0.333,"y":0},"i":{"x":0.667,"y":1},"s":[{"c":true,"i":[[-5.25,11.14],[9.614,-6.89]],"o":[[-10.312,-6.11],[5.614,9.048]],"v":[[25.176,1.812],[8.562,3.655]]}],"t":326},{"o":{"x":0.333,"y":0},"i":{"x":0.667,"y":1},"s":[{"c":true,"i":[[-7.188,2.938],[6.494,0.81]],"o":[[-6.885,0.943],[5.051,2.198]],"v":[[29.114,2.39],[5.688,2.692]]}],"t":341},{"o":{"x":0.333,"y":0},"i":{"x":0.667,"y":1},"s":[{"c":true,"i":[[-5.25,11.14],[9.614,-6.89]],"o":[[-10.312,-6.11],[5.614,9.048]],"v":[[25.176,1.812],[8.562,3.655]]}],"t":350},{"o":{"x":0.333,"y":0},"i":{"x":0.667,"y":1},"s":[{"c":true,"i":[[-7.188,2.938],[6.494,0.81]],"o":[[-6.885,0.943],[5.051,2.198]],"v":[[29.114,2.39],[5.688,2.692]]}],"t":363},{"o":{"x":0.333,"y":0},"i":{"x":0.667,"y":1},"s":[{"c":true,"i":[[-5.25,11.14],[9.614,-6.89]],"o":[[-10.312,-6.11],[5.614,9.048]],"v":[[25.176,1.812],[8.562,3.655]]}],"t":372},{"o":{"x":0.333,"y":0},"i":{"x":0.667,"y":1},"s":[{"c":true,"i":[[-3.159,11.93],[5.879,1.987]],"o":[[-6.233,2.314],[3.249,11.838]],"v":[[31.051,0],[0,0.28]]}],"t":385},{"o":{"x":0.333,"y":0},"i":{"x":0.667,"y":1},"s":[{"c":true,"i":[[-3.159,11.93],[5.879,1.987]],"o":[[-6.233,2.314],[3.249,11.838]],"v":[[31.051,0],[0,0.28]]}],"t":396},{"o":{"x":0.333,"y":0},"i":{"x":0.667,"y":1},"s":[{"c":true,"i":[[-7.188,2.938],[6.494,0.81]],"o":[[-6.885,0.943],[5.051,2.198]],"v":[[29.114,2.39],[5.688,2.692]]}],"t":404},{"o":{"x":0.333,"y":0},"i":{"x":0.667,"y":1},"s":[{"c":true,"i":[[-3.159,11.93],[5.879,1.987]],"o":[[-6.233,2.314],[3.249,11.838]],"v":[[31.051,0],[0,0.28]]}],"t":423},{"o":{"x":0.333,"y":0},"i":{"x":0.667,"y":1},"s":[{"c":true,"i":[[-5.25,11.14],[9.614,-6.89]],"o":[[-10.312,-6.11],[5.614,9.048]],"v":[[25.176,1.812],[8.562,3.655]]}],"t":440},{"o":{"x":0.333,"y":0},"i":{"x":0.667,"y":1},"s":[{"c":true,"i":[[-7.188,2.938],[6.494,0.81]],"o":[[-6.885,0.943],[5.051,2.198]],"v":[[29.114,2.39],[5.688,2.692]]}],"t":455},{"o":{"x":0.333,"y":0},"i":{"x":0.667,"y":1},"s":[{"c":true,"i":[[-5.25,11.14],[9.614,-6.89]],"o":[[-10.312,-6.11],[5.614,9.048]],"v":[[25.176,1.812],[8.562,3.655]]}],"t":464},{"o":{"x":0.333,"y":0},"i":{"x":0.667,"y":1},"s":[{"c":true,"i":[[-7.188,2.938],[6.494,0.81]],"o":[[-6.885,0.943],[5.051,2.198]],"v":[[29.114,2.39],[5.688,2.692]]}],"t":477},{"o":{"x":0.333,"y":0},"i":{"x":0.667,"y":1},"s":[{"c":true,"i":[[-5.25,11.14],[9.614,-6.89]],"o":[[-10.312,-6.11],[5.614,9.048]],"v":[[25.176,1.812],[8.562,3.655]]}],"t":486},{"o":{"x":0.333,"y":0},"i":{"x":0.667,"y":1},"s":[{"c":true,"i":[[-3.159,11.93],[5.879,1.987]],"o":[[-6.233,2.314],[3.249,11.838]],"v":[[31.051,0],[0,0.28]]}],"t":499},{"o":{"x":0.167,"y":0},"i":{"x":0.667,"y":1},"s":[{"c":true,"i":[[-3.159,11.93],[5.879,1.987]],"o":[[-6.233,2.314],[3.249,11.838]],"v":[[31.051,0],[0,0.28]]}],"t":510},{"o":{"x":0.333,"y":0},"i":{"x":0.667,"y":1},"s":[{"c":true,"i":[[-5.25,11.14],[9.614,-6.89]],"o":[[-10.312,-6.11],[5.614,9.048]],"v":[[25.176,1.812],[8.562,3.655]]}],"t":524},{"o":{"x":0.333,"y":0},"i":{"x":0.667,"y":1},"s":[{"c":true,"i":[[-3.159,11.93],[5.879,1.987]],"o":[[-6.233,2.314],[3.249,11.838]],"v":[[31.051,0],[0,0.28]]}],"t":537},{"o":{"x":0.333,"y":0},"i":{"x":0.667,"y":1},"s":[{"c":true,"i":[[-7.188,2.938],[6.494,0.81]],"o":[[-6.885,0.943],[5.051,2.198]],"v":[[29.114,2.39],[5.688,2.692]]}],"t":538},{"o":{"x":0.333,"y":0},"i":{"x":0.667,"y":1},"s":[{"c":true,"i":[[-5.25,11.14],[9.614,-6.89]],"o":[[-10.312,-6.11],[5.614,9.048]],"v":[[25.176,1.812],[8.562,3.655]]}],"t":547},{"o":{"x":0.333,"y":0},"i":{"x":0.667,"y":1},"s":[{"c":true,"i":[[-7.188,2.938],[6.494,0.81]],"o":[[-6.885,0.943],[5.051,2.198]],"v":[[29.114,2.39],[5.688,2.692]]}],"t":560},{"o":{"x":0.333,"y":0},"i":{"x":0.667,"y":1},"s":[{"c":true,"i":[[-5.25,11.14],[9.614,-6.89]],"o":[[-10.312,-6.11],[5.614,9.048]],"v":[[25.176,1.812],[8.562,3.655]]}],"t":569},{"o":{"x":0.333,"y":0},"i":{"x":0.667,"y":1},"s":[{"c":true,"i":[[-3.159,11.93],[5.879,1.987]],"o":[[-6.233,2.314],[3.249,11.838]],"v":[[31.051,0],[0,0.28]]}],"t":582},{"s":[{"c":true,"i":[[-3.159,11.93],[5.879,1.987]],"o":[[-6.233,2.314],[3.249,11.838]],"v":[[31.051,0],[0,0.28]]}],"t":593}],"ix":2}},{"ty":"fl","bm":0,"hd":false,"mn":"ADBE Vector Graphic - Fill","nm":"Fill 1","c":{"a":0,"k":[1,1,1],"ix":4},"r":1,"o":{"a":0,"k":100,"ix":5}},{"ty":"tr","a":{"a":0,"k":[0,0],"ix":1},"s":{"a":0,"k":[100,100],"ix":3},"sk":{"a":0,"k":0,"ix":4},"p":{"a":0,"k":[0,0],"ix":2},"r":{"a":0,"k":0,"ix":6},"sa":{"a":0,"k":0,"ix":5},"o":{"a":0,"k":100,"ix":7}}]}],"ind":4,"parent":3},{"ty":4,"nm":"Path 36","sr":1,"st":0,"op":600,"ip":0,"hd":false,"ddd":0,"bm":0,"hasMask":false,"ao":0,"ks":{"a":{"a":0,"k":[3.146,0.829,0],"ix":1},"s":{"a":0,"k":[100,100,100],"ix":6},"sk":{"a":0,"k":0},"p":{"a":0,"k":[0.751,6.17,0],"ix":2},"r":{"a":0,"k":0,"ix":10},"sa":{"a":0,"k":0},"o":{"a":0,"k":100,"ix":11}},"ef":[],"shapes":[{"ty":"gr","bm":0,"hd":false,"mn":"ADBE Vector Group","nm":"Path 36","ix":1,"cix":2,"np":2,"it":[{"ty":"sh","bm":0,"hd":false,"mn":"ADBE Vector Shape - Group","nm":"Path 1","ix":1,"d":1,"ks":{"a":0,"k":{"c":true,"i":[[0.84,0.493],[-0.138,0.236],[-0.236,-0.138],[-0.87,0],[-0.655,0.396],[-0.142,-0.234],[0.233,-0.141],[1.035,0]],"o":[[-0.235,-0.137],[0.138,-0.235],[0.682,0.399],[0.869,0],[0.232,-0.142],[0.14,0.232],[-0.817,0.495],[-1.034,0]],"v":[[0.244,0.92],[0.068,0.244],[0.744,0.068],[3.166,0.667],[5.543,0.072],[6.222,0.239],[6.055,0.917],[3.166,1.659]]},"ix":2}},{"ty":"fl","bm":0,"hd":false,"mn":"ADBE Vector Graphic - Fill","nm":"Fill 1","c":{"a":0,"k":[0.8392,0.498,0.3294],"ix":4},"r":1,"o":{"a":0,"k":100,"ix":5}},{"ty":"tr","a":{"a":0,"k":[0,0],"ix":1},"s":{"a":0,"k":[100,100],"ix":3},"sk":{"a":0,"k":0,"ix":4},"p":{"a":0,"k":[0,0],"ix":2},"r":{"a":0,"k":0,"ix":6},"sa":{"a":0,"k":0,"ix":5},"o":{"a":0,"k":100,"ix":7}}]}],"ind":5,"parent":3},{"ty":4,"nm":"eyebrows","sr":1,"st":0,"op":600,"ip":0,"hd":false,"ddd":0,"bm":0,"hasMask":false,"ao":0,"ks":{"a":{"a":0,"k":[0,0,0],"ix":1},"s":{"a":0,"k":[100,100,100],"ix":6},"sk":{"a":0,"k":0},"p":{"a":0,"k":[0,-37.559,0],"ix":2},"r":{"a":0,"k":0,"ix":10},"sa":{"a":0,"k":0},"o":{"a":0,"k":100,"ix":11}},"ef":[],"shapes":[{"ty":"rc","bm":0,"hd":false,"mn":"ADBE Vector Shape - Rect","nm":"Rectangle Path 1","d":1,"p":{"a":0,"k":[0,0],"ix":3},"r":{"a":0,"k":0,"ix":4},"s":{"a":0,"k":[54.265,5.278],"ix":2}}],"ind":6,"parent":1},{"ty":4,"nm":"Group 5","sr":1,"st":0,"op":600,"ip":0,"hd":false,"ddd":0,"bm":0,"hasMask":false,"ao":0,"ks":{"a":{"a":0,"k":[0,0,0],"ix":1},"s":{"a":0,"k":[100,100,100],"ix":6},"sk":{"a":0,"k":0},"p":{"a":1,"k":[{"o":{"x":0.333,"y":0},"i":{"x":0.667,"y":1},"s":[0,0,0],"t":0,"ti":[0,0.458,0],"to":[0,0.875,0]},{"o":{"x":0.333,"y":0},"i":{"x":0.667,"y":1},"s":[0,5.25,0],"t":15,"ti":[0,0.875,0],"to":[0,-0.458,0]},{"o":{"x":0.333,"y":0},"i":{"x":0.667,"y":1},"s":[0,-2.75,0],"t":25,"ti":[0,-0.458,0],"to":[0,-0.875,0]},{"o":{"x":0.167,"y":0.167},"i":{"x":0.833,"y":0.833},"s":[0,0,0],"t":35,"ti":[0,0,0],"to":[0,0,0]},{"o":{"x":0.333,"y":0},"i":{"x":0.667,"y":1},"s":[0,0,0],"t":284,"ti":[0,0.458,0],"to":[0,0.875,0]},{"o":{"x":0.333,"y":0},"i":{"x":0.667,"y":1},"s":[0,5.25,0],"t":299,"ti":[0,0.875,0],"to":[0,-0.458,0]},{"o":{"x":0.333,"y":0},"i":{"x":0.667,"y":1},"s":[0,-2.75,0],"t":309,"ti":[0,-0.458,0],"to":[0,-0.875,0]},{"o":{"x":0.167,"y":0.167},"i":{"x":0.833,"y":0.833},"s":[0,0,0],"t":319,"ti":[0,0,0],"to":[0,0,0]},{"o":{"x":0.333,"y":0},"i":{"x":0.667,"y":1},"s":[0,0,0],"t":558,"ti":[0,0.458,0],"to":[0,0.875,0]},{"o":{"x":0.333,"y":0},"i":{"x":0.667,"y":1},"s":[0,5.25,0],"t":573,"ti":[0,0.875,0],"to":[0,-0.458,0]},{"o":{"x":0.333,"y":0},"i":{"x":0.667,"y":1},"s":[0,-2.75,0],"t":583,"ti":[0,-0.458,0],"to":[0,-0.875,0]},{"s":[0,0,0],"t":593}],"ix":2},"r":{"a":0,"k":0,"ix":10},"sa":{"a":0,"k":0},"o":{"a":0,"k":100,"ix":11}},"ef":[],"shapes":[{"ty":"rc","bm":0,"hd":false,"mn":"ADBE Vector Shape - Rect","nm":"Rectangle Path 1","d":1,"p":{"a":0,"k":[0,0],"ix":3},"r":{"a":0,"k":0,"ix":4},"s":{"a":0,"k":[54.265,5.278],"ix":2}}],"ind":7,"parent":6},{"ty":4,"nm":"Path 35","sr":1,"st":0,"op":600,"ip":0,"hd":false,"ddd":0,"bm":0,"hasMask":false,"ao":0,"ks":{"a":{"a":0,"k":[8.312,2.639,0],"ix":1},"s":{"a":0,"k":[100,100,100],"ix":6},"sk":{"a":0,"k":0},"p":{"a":0,"k":[18.82,0,0],"ix":2},"r":{"a":0,"k":0,"ix":10},"sa":{"a":0,"k":0},"o":{"a":0,"k":100,"ix":11}},"ef":[],"shapes":[{"ty":"gr","bm":0,"hd":false,"mn":"ADBE Vector Group","nm":"Path 35","ix":1,"cix":2,"np":2,"it":[{"ty":"sh","bm":0,"hd":false,"mn":"ADBE Vector Shape - Group","nm":"Path 1","ix":1,"d":1,"ks":{"a":0,"k":{"c":true,"i":[[-1.953,1.014],[-0.155,0.061],[-1.933,-0.139],[-1.587,-0.906],[0.819,-0.863],[0.845,0.274],[1.394,-0.029],[1.184,-0.457],[0.046,-0.019],[1.647,1.13]],"o":[[0.153,-0.068],[1.789,-0.644],[1.892,0.201],[0.74,0.476],[-0.334,0.092],[-1.316,-0.389],[-1.299,0.059],[-0.033,0.006],[-2.415,1.174],[-2.535,-1.348]],"v":[[3.077,0.915],[3.538,0.725],[8.777,0.045],[13.668,1.579],[16.479,5.258],[12.421,3.605],[8.644,3.097],[5.184,3.801],[4.892,3.923],[1.049,4.722]]},"ix":2}},{"ty":"fl","bm":0,"hd":false,"mn":"ADBE Vector Graphic - Fill","nm":"Fill 1","c":{"a":0,"k":[0.2471,0.1529,0.0863],"ix":4},"r":1,"o":{"a":0,"k":100,"ix":5}},{"ty":"tr","a":{"a":0,"k":[0,0],"ix":1},"s":{"a":0,"k":[100,100],"ix":3},"sk":{"a":0,"k":0,"ix":4},"p":{"a":0,"k":[0,0],"ix":2},"r":{"a":0,"k":0,"ix":6},"sa":{"a":0,"k":0,"ix":5},"o":{"a":0,"k":100,"ix":7}}]}],"ind":8,"parent":7},{"ty":4,"nm":"Path 34","sr":1,"st":0,"op":600,"ip":0,"hd":false,"ddd":0,"bm":0,"hasMask":false,"ao":0,"ks":{"a":{"a":0,"k":[8.312,2.639,0],"ix":1},"s":{"a":0,"k":[100,100,100],"ix":6},"sk":{"a":0,"k":0},"p":{"a":0,"k":[-18.82,0,0],"ix":2},"r":{"a":0,"k":0,"ix":10},"sa":{"a":0,"k":0},"o":{"a":0,"k":100,"ix":11}},"ef":[],"shapes":[{"ty":"gr","bm":0,"hd":false,"mn":"ADBE Vector Group","nm":"Path 34","ix":1,"cix":2,"np":2,"it":[{"ty":"sh","bm":0,"hd":false,"mn":"ADBE Vector Shape - Group","nm":"Path 1","ix":1,"d":1,"ks":{"a":0,"k":{"c":true,"i":[[1.954,1.014],[0.156,0.061],[1.932,-0.139],[1.586,-0.906],[-0.82,-0.863],[-0.846,0.274],[-1.393,-0.029],[-1.184,-0.457],[-0.046,-0.019],[-1.647,1.13]],"o":[[-0.152,-0.068],[-1.789,-0.644],[-1.892,0.201],[-0.741,0.476],[0.334,0.092],[1.315,-0.389],[1.299,0.059],[0.032,0.006],[2.414,1.174],[2.536,-1.348]],"v":[[13.546,0.915],[13.085,0.725],[7.847,0.045],[2.956,1.579],[0.145,5.258],[4.204,3.605],[7.979,3.097],[11.44,3.801],[11.732,3.923],[15.574,4.722]]},"ix":2}},{"ty":"fl","bm":0,"hd":false,"mn":"ADBE Vector Graphic - Fill","nm":"Fill 1","c":{"a":0,"k":[0.2471,0.1529,0.0863],"ix":4},"r":1,"o":{"a":0,"k":100,"ix":5}},{"ty":"tr","a":{"a":0,"k":[0,0],"ix":1},"s":{"a":0,"k":[100,100],"ix":3},"sk":{"a":0,"k":0,"ix":4},"p":{"a":0,"k":[0,0],"ix":2},"r":{"a":0,"k":0,"ix":6},"sa":{"a":0,"k":0,"ix":5},"o":{"a":0,"k":100,"ix":7}}]}],"ind":9,"parent":7},{"ty":4,"nm":"glasses","sr":1,"st":0,"op":600,"ip":0,"hd":false,"ddd":0,"bm":0,"hasMask":false,"ao":0,"ks":{"a":{"a":0,"k":[0,0,0],"ix":1},"s":{"a":0,"k":[100,100,100],"ix":6},"sk":{"a":0,"k":0},"p":{"a":0,"k":[0.019,-22.971,0],"ix":2},"r":{"a":0,"k":0,"ix":10},"sa":{"a":0,"k":0},"o":{"a":0,"k":100,"ix":11}},"ef":[],"shapes":[{"ty":"rc","bm":0,"hd":false,"mn":"ADBE Vector Shape - Rect","nm":"Rectangle Path 1","d":1,"p":{"a":0,"k":[0,0],"ix":3},"r":{"a":0,"k":0,"ix":4},"s":{"a":0,"k":[84.183,29.339],"ix":2}}],"ind":10,"parent":1},{"ty":4,"nm":"Group 4","sr":1,"st":0,"op":600,"ip":0,"hd":false,"ddd":0,"bm":0,"hasMask":false,"ao":0,"ks":{"a":{"a":0,"k":[0,0,0],"ix":1},"s":{"a":0,"k":[100,100,100],"ix":6},"sk":{"a":0,"k":0},"p":{"a":0,"k":[0,0,0],"ix":2},"r":{"a":0,"k":0,"ix":10},"sa":{"a":0,"k":0},"o":{"a":0,"k":100,"ix":11}},"ef":[],"shapes":[{"ty":"rc","bm":0,"hd":false,"mn":"ADBE Vector Shape - Rect","nm":"Rectangle Path 1","d":1,"p":{"a":0,"k":[0,0],"ix":3},"r":{"a":0,"k":0,"ix":4},"s":{"a":0,"k":[84.183,29.339],"ix":2}}],"ind":11,"parent":10},{"ty":4,"nm":"Path 33","sr":1,"st":0,"op":600,"ip":0,"hd":false,"ddd":0,"bm":0,"hasMask":false,"ao":0,"ks":{"a":{"a":0,"k":[7.005,2.181,0],"ix":1},"s":{"a":0,"k":[100,100,100],"ix":6},"sk":{"a":0,"k":0},"p":{"a":0,"k":[-0.019,-2.847,0],"ix":2},"r":{"a":0,"k":0,"ix":10},"sa":{"a":0,"k":0},"o":{"a":0,"k":100,"ix":11}},"ef":[],"shapes":[{"ty":"gr","bm":0,"hd":false,"mn":"ADBE Vector Group","nm":"Path 33","ix":1,"cix":2,"np":2,"it":[{"ty":"sh","bm":0,"hd":false,"mn":"ADBE Vector Shape - Group","nm":"Path 1","ix":1,"d":1,"ks":{"a":0,"k":{"c":true,"i":[[0.002,-0.006],[0.467,0.285],[-0.285,0.467],[-5.177,0],[-0.005,-0.008],[0.468,-0.286],[0.286,0.466],[4.056,0]],"o":[[-0.285,0.466],[-0.467,-0.286],[0.004,-0.008],[5.178,0],[0.285,0.467],[-0.466,0.285],[-0.002,-0.006],[-4.055,0]],"v":[[1.835,3.887],[0.474,4.216],[0.145,2.855],[7.004,0],[13.864,2.855],[13.534,4.216],[12.173,3.887],[7.004,1.985]]},"ix":2}},{"ty":"fl","bm":0,"hd":false,"mn":"ADBE Vector Graphic - Fill","nm":"Fill 1","c":{"a":0,"k":[0.1804,0.1176,0.0667],"ix":4},"r":1,"o":{"a":0,"k":100,"ix":5}},{"ty":"tr","a":{"a":0,"k":[0,0],"ix":1},"s":{"a":0,"k":[100,100],"ix":3},"sk":{"a":0,"k":0,"ix":4},"p":{"a":0,"k":[0,0],"ix":2},"r":{"a":0,"k":0,"ix":6},"sa":{"a":0,"k":0,"ix":5},"o":{"a":0,"k":100,"ix":7}}]}],"ind":12,"parent":11},{"ty":4,"nm":"Path 32","sr":1,"st":0,"op":600,"ip":0,"hd":false,"ddd":0,"bm":0,"hasMask":false,"ao":0,"ks":{"a":{"a":0,"k":[5.357,2.563,0],"ix":1},"s":{"a":0,"k":[100,100,100],"ix":6},"sk":{"a":0,"k":0},"p":{"a":0,"k":[36.735,1.305,0],"ix":2},"r":{"a":0,"k":0,"ix":10},"sa":{"a":0,"k":0},"o":{"a":0,"k":100,"ix":11}},"ef":[],"shapes":[{"ty":"gr","bm":0,"hd":false,"mn":"ADBE Vector Group","nm":"Path 32","ix":1,"cix":2,"np":2,"it":[{"ty":"sh","bm":0,"hd":false,"mn":"ADBE Vector Shape - Group","nm":"Path 1","ix":1,"d":1,"ks":{"a":0,"k":{"c":true,"i":[[0,0],[-0.184,0.512],[-0.513,-0.185],[0,0],[0.183,-0.513],[0.513,0.183]],"o":[[-0.514,-0.184],[0.184,-0.515],[0,0],[0.514,0.185],[-0.184,0.515],[0,0]],"v":[[0.655,1.92],[0.058,0.657],[1.321,0.059],[10.059,3.205],[10.656,4.469],[9.392,5.068]]},"ix":2}},{"ty":"fl","bm":0,"hd":false,"mn":"ADBE Vector Graphic - Fill","nm":"Fill 1","c":{"a":0,"k":[0.1804,0.1176,0.0667],"ix":4},"r":1,"o":{"a":0,"k":100,"ix":5}},{"ty":"tr","a":{"a":0,"k":[0,0],"ix":1},"s":{"a":0,"k":[100,100],"ix":3},"sk":{"a":0,"k":0,"ix":4},"p":{"a":0,"k":[0,0],"ix":2},"r":{"a":0,"k":0,"ix":6},"sa":{"a":0,"k":0,"ix":5},"o":{"a":0,"k":100,"ix":7}}]}],"ind":13,"parent":11},{"ty":4,"nm":"Path 31","sr":1,"st":0,"op":600,"ip":0,"hd":false,"ddd":0,"bm":0,"hasMask":false,"ao":0,"ks":{"a":{"a":0,"k":[5.357,2.563,0],"ix":1},"s":{"a":0,"k":[100,100,100],"ix":6},"sk":{"a":0,"k":0},"p":{"a":0,"k":[-36.734,1.305,0],"ix":2},"r":{"a":0,"k":0,"ix":10},"sa":{"a":0,"k":0},"o":{"a":0,"k":100,"ix":11}},"ef":[],"shapes":[{"ty":"gr","bm":0,"hd":false,"mn":"ADBE Vector Group","nm":"Path 31","ix":1,"cix":2,"np":2,"it":[{"ty":"sh","bm":0,"hd":false,"mn":"ADBE Vector Shape - Group","nm":"Path 1","ix":1,"d":1,"ks":{"a":0,"k":{"c":true,"i":[[0,0],[-0.185,-0.515],[0.514,-0.184],[0,0],[0.185,0.515],[-0.514,0.185]],"o":[[0.513,-0.185],[0.184,0.512],[0,0],[-0.513,0.183],[-0.183,-0.513],[0,0]],"v":[[9.393,0.059],[10.657,0.657],[10.059,1.92],[1.322,5.068],[0.058,4.469],[0.656,3.205]]},"ix":2}},{"ty":"fl","bm":0,"hd":false,"mn":"ADBE Vector Graphic - Fill","nm":"Fill 1","c":{"a":0,"k":[0.1804,0.1176,0.0667],"ix":4},"r":1,"o":{"a":0,"k":100,"ix":5}},{"ty":"tr","a":{"a":0,"k":[0,0],"ix":1},"s":{"a":0,"k":[100,100],"ix":3},"sk":{"a":0,"k":0,"ix":4},"p":{"a":0,"k":[0,0],"ix":2},"r":{"a":0,"k":0,"ix":6},"sa":{"a":0,"k":0,"ix":5},"o":{"a":0,"k":100,"ix":7}}]}],"ind":14,"parent":11},{"ty":4,"nm":"Path 30","sr":1,"st":0,"op":600,"ip":0,"hd":false,"ddd":0,"bm":0,"hasMask":false,"ao":0,"ks":{"a":{"a":0,"k":[14.669,14.669,0],"ix":1},"s":{"a":0,"k":[100,100,100],"ix":6},"sk":{"a":0,"k":0},"p":{"a":0,"k":[18.795,0,0],"ix":2},"r":{"a":0,"k":0,"ix":10},"sa":{"a":0,"k":0},"o":{"a":0,"k":100,"ix":11}},"ef":[],"shapes":[{"ty":"gr","bm":0,"hd":false,"mn":"ADBE Vector Group","nm":"Path 30","ix":1,"cix":2,"np":3,"it":[{"ty":"sh","bm":0,"hd":false,"mn":"ADBE Vector Shape - Group","nm":"Path 1","ix":1,"d":1,"ks":{"a":0,"k":{"c":true,"i":[[0,0],[-2.655,-2.655],[0,-4.051],[2.654,-2.654],[4.05,0],[2.655,2.654],[0,4.05],[-2.654,2.653],[-4.051,0]],"o":[[4.05,0],[2.654,2.653],[0,4.05],[-2.655,2.654],[-4.051,0],[-2.654,-2.654],[0,-4.051],[2.655,-2.655],[0,0]],"v":[[14.669,0],[25.042,4.298],[29.338,14.67],[25.042,25.042],[14.669,29.339],[4.296,25.042],[0,14.67],[4.296,4.298],[14.669,0]]},"ix":2}},{"ty":"sh","bm":0,"hd":false,"mn":"ADBE Vector Shape - Group","nm":"Path 2","ix":2,"d":1,"ks":{"a":0,"k":{"c":true,"i":[[2.205,2.205],[3.365,0],[2.205,-2.206],[0,-3.365],[-2.206,-2.206],[-3.366,0],[-2.205,2.205],[0,3.365]],"o":[[-2.205,-2.206],[-3.366,0],[-2.206,2.205],[0,3.365],[2.205,2.205],[3.365,0],[2.205,-2.206],[0,-3.365]],"v":[[23.287,6.052],[14.669,2.482],[6.051,6.052],[2.481,14.67],[6.051,23.288],[14.669,26.858],[23.287,23.288],[26.857,14.67]]},"ix":2}},{"ty":"fl","bm":0,"hd":false,"mn":"ADBE Vector Graphic - Fill","nm":"Fill 1","c":{"a":0,"k":[0.1804,0.1176,0.0667],"ix":4},"r":1,"o":{"a":0,"k":100,"ix":5}},{"ty":"tr","a":{"a":0,"k":[0,0],"ix":1},"s":{"a":0,"k":[100,100],"ix":3},"sk":{"a":0,"k":0,"ix":4},"p":{"a":0,"k":[0,0],"ix":2},"r":{"a":0,"k":0,"ix":6},"sa":{"a":0,"k":0,"ix":5},"o":{"a":0,"k":100,"ix":7}}]}],"ind":15,"parent":11},{"ty":4,"nm":"Path 29","sr":1,"st":0,"op":600,"ip":0,"hd":false,"ddd":0,"bm":0,"hasMask":false,"ao":0,"ks":{"a":{"a":0,"k":[14.669,14.669,0],"ix":1},"s":{"a":0,"k":[100,100,100],"ix":6},"sk":{"a":0,"k":0},"p":{"a":0,"k":[-18.832,0,0],"ix":2},"r":{"a":0,"k":0,"ix":10},"sa":{"a":0,"k":0},"o":{"a":0,"k":100,"ix":11}},"ef":[],"shapes":[{"ty":"gr","bm":0,"hd":false,"mn":"ADBE Vector Group","nm":"Path 29","ix":1,"cix":2,"np":3,"it":[{"ty":"sh","bm":0,"hd":false,"mn":"ADBE Vector Shape - Group","nm":"Path 1","ix":1,"d":1,"ks":{"a":0,"k":{"c":true,"i":[[0,0],[-2.654,-2.655],[0,-4.051],[2.655,-2.654],[4.051,0],[2.655,2.654],[0,4.05],[-2.654,2.653],[-4.05,0]],"o":[[4.051,0],[2.655,2.653],[0,4.05],[-2.654,2.654],[-4.05,0],[-2.654,-2.654],[0,-4.051],[2.655,-2.655],[0,0]],"v":[[14.669,0],[25.041,4.298],[29.339,14.67],[25.041,25.042],[14.669,29.339],[4.296,25.042],[0,14.67],[4.296,4.298],[14.669,0]]},"ix":2}},{"ty":"sh","bm":0,"hd":false,"mn":"ADBE Vector Shape - Group","nm":"Path 2","ix":2,"d":1,"ks":{"a":0,"k":{"c":true,"i":[[2.206,2.205],[3.365,0],[2.206,-2.206],[0,-3.365],[-2.204,-2.206],[-3.365,0],[-2.205,2.205],[0,3.365]],"o":[[-2.205,-2.206],[-3.365,0],[-2.204,2.205],[0,3.365],[2.206,2.205],[3.365,0],[2.206,-2.206],[0,-3.365]],"v":[[23.287,6.052],[14.669,2.482],[6.05,6.052],[2.48,14.67],[6.05,23.288],[14.669,26.858],[23.287,23.288],[26.857,14.67]]},"ix":2}},{"ty":"fl","bm":0,"hd":false,"mn":"ADBE Vector Graphic - Fill","nm":"Fill 1","c":{"a":0,"k":[0.1804,0.1176,0.0667],"ix":4},"r":1,"o":{"a":0,"k":100,"ix":5}},{"ty":"tr","a":{"a":0,"k":[0,0],"ix":1},"s":{"a":0,"k":[100,100],"ix":3},"sk":{"a":0,"k":0,"ix":4},"p":{"a":0,"k":[0,0],"ix":2},"r":{"a":0,"k":0,"ix":6},"sa":{"a":0,"k":0,"ix":5},"o":{"a":0,"k":100,"ix":7}}]}],"ind":16,"parent":11},{"ty":4,"nm":"Eyes","sr":1,"st":0,"op":600,"ip":0,"hd":false,"ddd":0,"bm":0,"hasMask":false,"ao":0,"ks":{"a":{"a":0,"k":[0,0,0],"ix":1},"s":{"a":0,"k":[100,100,100],"ix":6},"sk":{"a":0,"k":0},"p":{"a":0,"k":[0.128,-24.832,0],"ix":2},"r":{"a":0,"k":0,"ix":10},"sa":{"a":0,"k":0},"o":{"a":0,"k":100,"ix":11}},"ef":[],"shapes":[{"ty":"rc","bm":0,"hd":false,"mn":"ADBE Vector Shape - Rect","nm":"Rectangle Path 1","d":1,"p":{"a":0,"k":[0,0],"ix":3},"r":{"a":0,"k":0,"ix":4},"s":{"a":0,"k":[44.036,8.195],"ix":2}}],"ind":17,"parent":1},{"ty":4,"nm":"left eye","sr":1,"st":0,"op":600,"ip":0,"hd":false,"ddd":0,"bm":0,"hasMask":false,"ao":0,"ks":{"a":{"a":0,"k":[4.107,4.098,0],"ix":1},"s":{"a":0,"k":[100,100,100],"ix":6},"sk":{"a":0,"k":0},"p":{"a":0,"k":[17.911,0,0],"ix":2},"r":{"a":0,"k":0,"ix":10},"sa":{"a":0,"k":0},"o":{"a":0,"k":100,"ix":11}},"ef":[],"shapes":[{"ty":"gr","bm":0,"hd":false,"mn":"ADBE Vector Group","nm":"Path 28","ix":1,"cix":2,"np":2,"it":[{"ty":"sh","bm":0,"hd":false,"mn":"ADBE Vector Shape - Group","nm":"Path 1","ix":1,"d":1,"ks":{"a":1,"k":[{"o":{"x":0.333,"y":0},"i":{"x":0.667,"y":1},"s":[{"c":true,"i":[[-1.838,-1.325],[1.328,-1.833],[1.837,1.325],[-1.328,1.834]],"o":[[1.837,1.327],[-1.33,1.834],[-1.839,-1.326],[1.328,-1.834]],"v":[[6.512,0.777],[7.434,6.498],[1.701,7.419],[0.779,1.697]]}],"t":0},{"o":{"x":0.333,"y":0},"i":{"x":0.667,"y":1},"s":[{"c":true,"i":[[-1.838,-1.325],[1.328,-1.833],[1.837,1.325],[-1.328,1.834]],"o":[[1.837,1.327],[-1.33,1.834],[-1.839,-1.326],[1.328,-1.834]],"v":[[6.512,0.777],[7.434,6.498],[1.701,7.419],[0.779,1.697]]}],"t":9},{"o":{"x":0.333,"y":0},"i":{"x":0.667,"y":1},"s":[{"c":true,"i":[[-1.838,-1.325],[1.328,-1.833],[1.837,1.325],[-1.328,1.834]],"o":[[1.837,1.327],[-1.33,1.834],[-1.839,-1.326],[1.328,-1.834]],"v":[[6.514,4.902],[6.996,4.81],[1.263,5.731],[0.781,5.822]]}],"t":14},{"o":{"x":0.333,"y":0},"i":{"x":0.667,"y":1},"s":[{"c":true,"i":[[-1.838,-1.325],[1.328,-1.833],[1.837,1.325],[-1.328,1.834]],"o":[[1.837,1.327],[-1.33,1.834],[-1.839,-1.326],[1.328,-1.834]],"v":[[6.512,0.777],[7.434,6.498],[1.701,7.419],[0.779,1.697]]}],"t":19},{"o":{"x":0.333,"y":0},"i":{"x":0.667,"y":1},"s":[{"c":true,"i":[[-1.838,-1.325],[1.328,-1.833],[1.837,1.325],[-1.328,1.834]],"o":[[1.837,1.327],[-1.33,1.834],[-1.839,-1.326],[1.328,-1.834]],"v":[[6.514,4.902],[6.996,4.81],[1.263,5.731],[0.781,5.822]]}],"t":24},{"o":{"x":0.167,"y":0},"i":{"x":0.667,"y":1},"s":[{"c":true,"i":[[-1.838,-1.325],[1.328,-1.833],[1.837,1.325],[-1.328,1.834]],"o":[[1.837,1.327],[-1.33,1.834],[-1.839,-1.326],[1.328,-1.834]],"v":[[6.512,0.777],[7.434,6.498],[1.701,7.419],[0.779,1.697]]}],"t":29},{"o":{"x":0.333,"y":0},"i":{"x":0.667,"y":1},"s":[{"c":true,"i":[[-1.838,-1.325],[1.328,-1.833],[1.837,1.325],[-1.328,1.834]],"o":[[1.837,1.327],[-1.33,1.834],[-1.839,-1.326],[1.328,-1.834]],"v":[[6.512,0.777],[7.434,6.498],[1.701,7.419],[0.779,1.697]]}],"t":245},{"o":{"x":0.333,"y":0},"i":{"x":0.667,"y":1},"s":[{"c":true,"i":[[-1.838,-1.325],[1.328,-1.833],[1.837,1.325],[-1.328,1.834]],"o":[[1.837,1.327],[-1.33,1.834],[-1.839,-1.326],[1.328,-1.834]],"v":[[6.512,0.777],[7.434,6.498],[1.701,7.419],[0.779,1.697]]}],"t":254},{"o":{"x":0.333,"y":0},"i":{"x":0.667,"y":1},"s":[{"c":true,"i":[[-1.838,-1.325],[1.328,-1.833],[1.837,1.325],[-1.328,1.834]],"o":[[1.837,1.327],[-1.33,1.834],[-1.839,-1.326],[1.328,-1.834]],"v":[[6.514,4.902],[6.996,4.81],[1.263,5.731],[0.781,5.822]]}],"t":259},{"o":{"x":0.333,"y":0},"i":{"x":0.667,"y":1},"s":[{"c":true,"i":[[-1.838,-1.325],[1.328,-1.833],[1.837,1.325],[-1.328,1.834]],"o":[[1.837,1.327],[-1.33,1.834],[-1.839,-1.326],[1.328,-1.834]],"v":[[6.512,0.777],[7.434,6.498],[1.701,7.419],[0.779,1.697]]}],"t":264},{"o":{"x":0.333,"y":0},"i":{"x":0.667,"y":1},"s":[{"c":true,"i":[[-1.838,-1.325],[1.328,-1.833],[1.837,1.325],[-1.328,1.834]],"o":[[1.837,1.327],[-1.33,1.834],[-1.839,-1.326],[1.328,-1.834]],"v":[[6.514,4.902],[6.996,4.81],[1.263,5.731],[0.781,5.822]]}],"t":269},{"o":{"x":0.167,"y":0},"i":{"x":0.667,"y":1},"s":[{"c":true,"i":[[-1.838,-1.325],[1.328,-1.833],[1.837,1.325],[-1.328,1.834]],"o":[[1.837,1.327],[-1.33,1.834],[-1.839,-1.326],[1.328,-1.834]],"v":[[6.512,0.777],[7.434,6.498],[1.701,7.419],[0.779,1.697]]}],"t":274},{"o":{"x":0.333,"y":0},"i":{"x":0.667,"y":1},"s":[{"c":true,"i":[[-1.838,-1.325],[1.328,-1.833],[1.837,1.325],[-1.328,1.834]],"o":[[1.837,1.327],[-1.33,1.834],[-1.839,-1.326],[1.328,-1.834]],"v":[[6.512,0.777],[7.434,6.498],[1.701,7.419],[0.779,1.697]]}],"t":566},{"o":{"x":0.333,"y":0},"i":{"x":0.667,"y":1},"s":[{"c":true,"i":[[-1.838,-1.325],[1.328,-1.833],[1.837,1.325],[-1.328,1.834]],"o":[[1.837,1.327],[-1.33,1.834],[-1.839,-1.326],[1.328,-1.834]],"v":[[6.512,0.777],[7.434,6.498],[1.701,7.419],[0.779,1.697]]}],"t":575},{"o":{"x":0.333,"y":0},"i":{"x":0.667,"y":1},"s":[{"c":true,"i":[[-1.838,-1.325],[1.328,-1.833],[1.837,1.325],[-1.328,1.834]],"o":[[1.837,1.327],[-1.33,1.834],[-1.839,-1.326],[1.328,-1.834]],"v":[[6.514,4.902],[6.996,4.81],[1.263,5.731],[0.781,5.822]]}],"t":580},{"o":{"x":0.333,"y":0},"i":{"x":0.667,"y":1},"s":[{"c":true,"i":[[-1.838,-1.325],[1.328,-1.833],[1.837,1.325],[-1.328,1.834]],"o":[[1.837,1.327],[-1.33,1.834],[-1.839,-1.326],[1.328,-1.834]],"v":[[6.512,0.777],[7.434,6.498],[1.701,7.419],[0.779,1.697]]}],"t":585},{"o":{"x":0.333,"y":0},"i":{"x":0.667,"y":1},"s":[{"c":true,"i":[[-1.838,-1.325],[1.328,-1.833],[1.837,1.325],[-1.328,1.834]],"o":[[1.837,1.327],[-1.33,1.834],[-1.839,-1.326],[1.328,-1.834]],"v":[[6.514,4.902],[6.996,4.81],[1.263,5.731],[0.781,5.822]]}],"t":590},{"s":[{"c":true,"i":[[-1.838,-1.325],[1.328,-1.833],[1.837,1.325],[-1.328,1.834]],"o":[[1.837,1.327],[-1.33,1.834],[-1.839,-1.326],[1.328,-1.834]],"v":[[6.512,0.777],[7.434,6.498],[1.701,7.419],[0.779,1.697]]}],"t":595}],"ix":2}},{"ty":"fl","bm":0,"hd":false,"mn":"ADBE Vector Graphic - Fill","nm":"Fill 1","c":{"a":0,"k":[0.1255,0.1255,0.1176],"ix":4},"r":1,"o":{"a":0,"k":100,"ix":5}},{"ty":"tr","a":{"a":0,"k":[0,0],"ix":1},"s":{"a":0,"k":[100,100],"ix":3},"sk":{"a":0,"k":0,"ix":4},"p":{"a":0,"k":[0,0],"ix":2},"r":{"a":0,"k":0,"ix":6},"sa":{"a":0,"k":0,"ix":5},"o":{"a":0,"k":100,"ix":7}}]}],"ind":18,"parent":17},{"ty":4,"nm":"right eye","sr":1,"st":0,"op":600,"ip":0,"hd":false,"ddd":0,"bm":0,"hasMask":false,"ao":0,"ks":{"a":{"a":0,"k":[4.106,4.098,0],"ix":1},"s":{"a":0,"k":[100,100,100],"ix":6},"sk":{"a":0,"k":0},"p":{"a":0,"k":[-17.912,0,0],"ix":2},"r":{"a":0,"k":0,"ix":10},"sa":{"a":0,"k":0},"o":{"a":0,"k":100,"ix":11}},"ef":[],"shapes":[{"ty":"gr","bm":0,"hd":false,"mn":"ADBE Vector Group","nm":"Path 27","ix":1,"cix":2,"np":2,"it":[{"ty":"sh","bm":0,"hd":false,"mn":"ADBE Vector Shape - Group","nm":"Path 1","ix":1,"d":1,"ks":{"a":1,"k":[{"o":{"x":0.333,"y":0},"i":{"x":0.667,"y":1},"s":[{"c":true,"i":[[-1.838,-1.325],[1.328,-1.833],[1.837,1.325],[-1.328,1.834]],"o":[[1.837,1.327],[-1.33,1.834],[-1.839,-1.326],[1.328,-1.834]],"v":[[6.512,0.777],[7.434,6.498],[1.701,7.419],[0.779,1.697]]}],"t":0},{"o":{"x":0.333,"y":0},"i":{"x":0.667,"y":1},"s":[{"c":true,"i":[[-1.838,-1.325],[1.328,-1.833],[1.837,1.325],[-1.328,1.834]],"o":[[1.837,1.327],[-1.33,1.834],[-1.839,-1.326],[1.328,-1.834]],"v":[[6.512,0.777],[7.434,6.498],[1.701,7.419],[0.779,1.697]]}],"t":9},{"o":{"x":0.333,"y":0},"i":{"x":0.667,"y":1},"s":[{"c":true,"i":[[-1.838,-1.325],[1.328,-1.833],[1.837,1.325],[-1.328,1.834]],"o":[[1.837,1.327],[-1.33,1.834],[-1.839,-1.326],[1.328,-1.834]],"v":[[6.514,4.902],[6.996,4.81],[1.263,5.731],[0.781,5.822]]}],"t":14},{"o":{"x":0.333,"y":0},"i":{"x":0.667,"y":1},"s":[{"c":true,"i":[[-1.838,-1.325],[1.328,-1.833],[1.837,1.325],[-1.328,1.834]],"o":[[1.837,1.327],[-1.33,1.834],[-1.839,-1.326],[1.328,-1.834]],"v":[[6.512,0.777],[7.434,6.498],[1.701,7.419],[0.779,1.697]]}],"t":19},{"o":{"x":0.333,"y":0},"i":{"x":0.667,"y":1},"s":[{"c":true,"i":[[-1.838,-1.325],[1.328,-1.833],[1.837,1.325],[-1.328,1.834]],"o":[[1.837,1.327],[-1.33,1.834],[-1.839,-1.326],[1.328,-1.834]],"v":[[6.514,4.902],[6.996,4.81],[1.263,5.731],[0.781,5.822]]}],"t":24},{"o":{"x":0.167,"y":0},"i":{"x":0.667,"y":1},"s":[{"c":true,"i":[[-1.838,-1.325],[1.328,-1.833],[1.837,1.325],[-1.328,1.834]],"o":[[1.837,1.327],[-1.33,1.834],[-1.839,-1.326],[1.328,-1.834]],"v":[[6.512,0.777],[7.434,6.498],[1.701,7.419],[0.779,1.697]]}],"t":29},{"o":{"x":0.333,"y":0},"i":{"x":0.667,"y":1},"s":[{"c":true,"i":[[-1.838,-1.325],[1.328,-1.833],[1.837,1.325],[-1.328,1.834]],"o":[[1.837,1.327],[-1.33,1.834],[-1.839,-1.326],[1.328,-1.834]],"v":[[6.512,0.777],[7.434,6.498],[1.701,7.419],[0.779,1.697]]}],"t":245},{"o":{"x":0.333,"y":0},"i":{"x":0.667,"y":1},"s":[{"c":true,"i":[[-1.838,-1.325],[1.328,-1.833],[1.837,1.325],[-1.328,1.834]],"o":[[1.837,1.327],[-1.33,1.834],[-1.839,-1.326],[1.328,-1.834]],"v":[[6.512,0.777],[7.434,6.498],[1.701,7.419],[0.779,1.697]]}],"t":254},{"o":{"x":0.333,"y":0},"i":{"x":0.667,"y":1},"s":[{"c":true,"i":[[-1.838,-1.325],[1.328,-1.833],[1.837,1.325],[-1.328,1.834]],"o":[[1.837,1.327],[-1.33,1.834],[-1.839,-1.326],[1.328,-1.834]],"v":[[6.514,4.902],[6.996,4.81],[1.263,5.731],[0.781,5.822]]}],"t":259},{"o":{"x":0.333,"y":0},"i":{"x":0.667,"y":1},"s":[{"c":true,"i":[[-1.838,-1.325],[1.328,-1.833],[1.837,1.325],[-1.328,1.834]],"o":[[1.837,1.327],[-1.33,1.834],[-1.839,-1.326],[1.328,-1.834]],"v":[[6.512,0.777],[7.434,6.498],[1.701,7.419],[0.779,1.697]]}],"t":264},{"o":{"x":0.333,"y":0},"i":{"x":0.667,"y":1},"s":[{"c":true,"i":[[-1.838,-1.325],[1.328,-1.833],[1.837,1.325],[-1.328,1.834]],"o":[[1.837,1.327],[-1.33,1.834],[-1.839,-1.326],[1.328,-1.834]],"v":[[6.514,4.902],[6.996,4.81],[1.263,5.731],[0.781,5.822]]}],"t":269},{"o":{"x":0.167,"y":0},"i":{"x":0.667,"y":1},"s":[{"c":true,"i":[[-1.838,-1.325],[1.328,-1.833],[1.837,1.325],[-1.328,1.834]],"o":[[1.837,1.327],[-1.33,1.834],[-1.839,-1.326],[1.328,-1.834]],"v":[[6.512,0.777],[7.434,6.498],[1.701,7.419],[0.779,1.697]]}],"t":274},{"o":{"x":0.333,"y":0},"i":{"x":0.667,"y":1},"s":[{"c":true,"i":[[-1.838,-1.325],[1.328,-1.833],[1.837,1.325],[-1.328,1.834]],"o":[[1.837,1.327],[-1.33,1.834],[-1.839,-1.326],[1.328,-1.834]],"v":[[6.512,0.777],[7.434,6.498],[1.701,7.419],[0.779,1.697]]}],"t":566},{"o":{"x":0.333,"y":0},"i":{"x":0.667,"y":1},"s":[{"c":true,"i":[[-1.838,-1.325],[1.328,-1.833],[1.837,1.325],[-1.328,1.834]],"o":[[1.837,1.327],[-1.33,1.834],[-1.839,-1.326],[1.328,-1.834]],"v":[[6.512,0.777],[7.434,6.498],[1.701,7.419],[0.779,1.697]]}],"t":575},{"o":{"x":0.333,"y":0},"i":{"x":0.667,"y":1},"s":[{"c":true,"i":[[-1.838,-1.325],[1.328,-1.833],[1.837,1.325],[-1.328,1.834]],"o":[[1.837,1.327],[-1.33,1.834],[-1.839,-1.326],[1.328,-1.834]],"v":[[6.514,4.902],[6.996,4.81],[1.263,5.731],[0.781,5.822]]}],"t":580},{"o":{"x":0.333,"y":0},"i":{"x":0.667,"y":1},"s":[{"c":true,"i":[[-1.838,-1.325],[1.328,-1.833],[1.837,1.325],[-1.328,1.834]],"o":[[1.837,1.327],[-1.33,1.834],[-1.839,-1.326],[1.328,-1.834]],"v":[[6.512,0.777],[7.434,6.498],[1.701,7.419],[0.779,1.697]]}],"t":585},{"o":{"x":0.333,"y":0},"i":{"x":0.667,"y":1},"s":[{"c":true,"i":[[-1.838,-1.325],[1.328,-1.833],[1.837,1.325],[-1.328,1.834]],"o":[[1.837,1.327],[-1.33,1.834],[-1.839,-1.326],[1.328,-1.834]],"v":[[6.514,4.902],[6.996,4.81],[1.263,5.731],[0.781,5.822]]}],"t":590},{"s":[{"c":true,"i":[[-1.838,-1.325],[1.328,-1.833],[1.837,1.325],[-1.328,1.834]],"o":[[1.837,1.327],[-1.33,1.834],[-1.839,-1.326],[1.328,-1.834]],"v":[[6.512,0.777],[7.434,6.498],[1.701,7.419],[0.779,1.697]]}],"t":595}],"ix":2}},{"ty":"fl","bm":0,"hd":false,"mn":"ADBE Vector Graphic - Fill","nm":"Fill 1","c":{"a":0,"k":[0.1255,0.1255,0.1176],"ix":4},"r":1,"o":{"a":0,"k":100,"ix":5}},{"ty":"tr","a":{"a":0,"k":[0,0],"ix":1},"s":{"a":0,"k":[100,100],"ix":3},"sk":{"a":0,"k":0,"ix":4},"p":{"a":0,"k":[0,0],"ix":2},"r":{"a":0,"k":0,"ix":6},"sa":{"a":0,"k":0,"ix":5},"o":{"a":0,"k":100,"ix":7}}]}],"ind":19,"parent":17},{"ty":4,"nm":"Hair","sr":1,"st":0,"op":600,"ip":0,"hd":false,"ddd":0,"bm":0,"hasMask":false,"ao":0,"ks":{"a":{"a":0,"k":[0,0,0],"ix":1},"s":{"a":0,"k":[100,100,100],"ix":6},"sk":{"a":0,"k":0},"p":{"a":0,"k":[0,-57.916,0],"ix":2},"r":{"a":0,"k":0,"ix":10},"sa":{"a":0,"k":0},"o":{"a":0,"k":100,"ix":11}},"ef":[],"shapes":[{"ty":"rc","bm":0,"hd":false,"mn":"ADBE Vector Shape - Rect","nm":"Rectangle Path 1","d":1,"p":{"a":0,"k":[0,0],"ix":3},"r":{"a":0,"k":0,"ix":4},"s":{"a":0,"k":[103.536,85.69],"ix":2}}],"ind":20,"parent":1},{"ty":4,"nm":"Group 3","sr":1,"st":0,"op":600,"ip":0,"hd":false,"ddd":0,"bm":0,"hasMask":false,"ao":0,"ks":{"a":{"a":0,"k":[0,0,0],"ix":1},"s":{"a":0,"k":[100,100,100],"ix":6},"sk":{"a":0,"k":0},"p":{"a":0,"k":[0,0,0],"ix":2},"r":{"a":0,"k":0,"ix":10},"sa":{"a":0,"k":0},"o":{"a":0,"k":100,"ix":11}},"ef":[],"shapes":[{"ty":"rc","bm":0,"hd":false,"mn":"ADBE Vector Shape - Rect","nm":"Rectangle Path 1","d":1,"p":{"a":0,"k":[0,0],"ix":3},"r":{"a":0,"k":0,"ix":4},"s":{"a":0,"k":[103.536,85.69],"ix":2}}],"ind":21,"parent":20},{"ty":4,"nm":"Path 26","sr":1,"st":0,"op":600,"ip":0,"hd":false,"ddd":0,"bm":0,"hasMask":false,"ao":0,"ks":{"a":{"a":0,"k":[5.91,15.857,0],"ix":1},"s":{"a":0,"k":[100,100,100],"ix":6},"sk":{"a":0,"k":0},"p":{"a":0,"k":[-36.092,2.494,0],"ix":2},"r":{"a":0,"k":0,"ix":10},"sa":{"a":0,"k":0},"o":{"a":0,"k":100,"ix":11}},"ef":[],"shapes":[{"ty":"gr","bm":0,"hd":false,"mn":"ADBE Vector Group","nm":"Path 26","ix":1,"cix":2,"np":2,"it":[{"ty":"sh","bm":0,"hd":false,"mn":"ADBE Vector Shape - Group","nm":"Path 1","ix":1,"d":1,"ks":{"a":0,"k":{"c":true,"i":[[0.137,2.537],[-0.273,0.014],[-0.014,-0.272],[1.303,-3.739],[1.969,-2.499],[0,-0.018],[0.272,0.005],[-0.004,0.274],[-4.036,5.121],[-1.229,3.522]],"o":[[-0.013,-0.273],[0.273,-0.013],[0.144,2.662],[-1.262,3.619],[-3.83,4.859],[-0.005,0.273],[-0.274,-0.004],[0,-0.017],[1.902,-2.414],[1.263,-3.626]],"v":[[10.814,0.521],[11.284,0.001],[11.803,0.47],[9.886,10.657],[4.877,20.366],[0.989,31.228],[0.487,31.714],[0,31.212],[4.098,19.753],[8.952,10.331]]},"ix":2}},{"ty":"fl","bm":0,"hd":false,"mn":"ADBE Vector Graphic - Fill","nm":"Fill 1","c":{"a":0,"k":[0.2627,0.1765,0.298],"ix":4},"r":1,"o":{"a":0,"k":100,"ix":5}},{"ty":"tr","a":{"a":0,"k":[0,0],"ix":1},"s":{"a":0,"k":[100,100],"ix":3},"sk":{"a":0,"k":0,"ix":4},"p":{"a":0,"k":[0,0],"ix":2},"r":{"a":0,"k":0,"ix":6},"sa":{"a":0,"k":0,"ix":5},"o":{"a":0,"k":100,"ix":7}}]}],"ind":22,"parent":21},{"ty":4,"nm":"Path 25","sr":1,"st":0,"op":600,"ip":0,"hd":false,"ddd":0,"bm":0,"hasMask":false,"ao":0,"ks":{"a":{"a":0,"k":[26.887,9.132,0],"ix":1},"s":{"a":0,"k":[100,100,100],"ix":6},"sk":{"a":0,"k":0},"p":{"a":0,"k":[8.256,-25.706,0],"ix":2},"r":{"a":0,"k":0,"ix":10},"sa":{"a":0,"k":0},"o":{"a":0,"k":100,"ix":11}},"ef":[],"shapes":[{"ty":"gr","bm":0,"hd":false,"mn":"ADBE Vector Group","nm":"Path 25","ix":1,"cix":2,"np":2,"it":[{"ty":"sh","bm":0,"hd":false,"mn":"ADBE Vector Shape - Group","nm":"Path 1","ix":1,"d":1,"ks":{"a":0,"k":{"c":true,"i":[[19.837,-9.136],[0.114,0.249],[-0.249,0.114],[-11.429,-8.048],[-2.662,-1.512],[0.135,-0.238],[0.239,0.136],[2.84,2]],"o":[[-0.248,0.115],[-0.114,-0.247],[20.355,-9.376],[2.824,1.988],[0.238,0.135],[-0.135,0.238],[-2.712,-1.539],[-11.213,-7.894]],"v":[[0.702,4.825],[0.045,4.583],[0.288,3.927],[45.325,11.93],[53.523,17.339],[53.709,18.013],[53.034,18.199],[44.755,12.739]]},"ix":2}},{"ty":"fl","bm":0,"hd":false,"mn":"ADBE Vector Graphic - Fill","nm":"Fill 1","c":{"a":0,"k":[0.2627,0.1765,0.298],"ix":4},"r":1,"o":{"a":0,"k":100,"ix":5}},{"ty":"tr","a":{"a":0,"k":[0,0],"ix":1},"s":{"a":0,"k":[100,100],"ix":3},"sk":{"a":0,"k":0,"ix":4},"p":{"a":0,"k":[0,0],"ix":2},"r":{"a":0,"k":0,"ix":6},"sa":{"a":0,"k":0,"ix":5},"o":{"a":0,"k":100,"ix":7}}]}],"ind":23,"parent":21},{"ty":4,"nm":"Path 24","sr":1,"st":0,"op":600,"ip":0,"hd":false,"ddd":0,"bm":0,"hasMask":false,"ao":0,"ks":{"a":{"a":0,"k":[32.533,26.099,0],"ix":1},"s":{"a":0,"k":[100,100,100],"ix":6},"sk":{"a":0,"k":0},"p":{"a":0,"k":[10.488,-0.394,0],"ix":2},"r":{"a":0,"k":0,"ix":10},"sa":{"a":0,"k":0},"o":{"a":0,"k":100,"ix":11}},"ef":[],"shapes":[{"ty":"gr","bm":0,"hd":false,"mn":"ADBE Vector Group","nm":"Path 24","ix":1,"cix":2,"np":2,"it":[{"ty":"sh","bm":0,"hd":false,"mn":"ADBE Vector Shape - Group","nm":"Path 1","ix":1,"d":1,"ks":{"a":0,"k":{"c":true,"i":[[7.874,0],[0,0.273],[-0.274,0],[-6.77,-2.25],[-5.95,-4.204],[-3.642,-6.065],[-0.584,-8.657],[0.273,-0.018],[0.018,0.272],[3.563,5.932],[6.163,4.353],[7.867,2.614]],"o":[[-0.274,0],[0,-0.275],[7.978,0],[7.975,2.65],[6.271,4.429],[3.643,6.066],[0.018,0.272],[-0.273,0.017],[-0.573,-8.492],[-3.564,-5.935],[-5.883,-4.156],[-6.669,-2.216]],"v":[[0.495,0.991],[0,0.496],[0.495,0],[22.672,3.632],[43.648,14.335],[58.62,29.831],[65.065,51.671],[64.604,52.198],[64.076,51.737],[57.771,30.339],[43.078,15.145],[22.362,4.571]]},"ix":2}},{"ty":"fl","bm":0,"hd":false,"mn":"ADBE Vector Graphic - Fill","nm":"Fill 1","c":{"a":0,"k":[0.2627,0.1765,0.298],"ix":4},"r":1,"o":{"a":0,"k":100,"ix":5}},{"ty":"tr","a":{"a":0,"k":[0,0],"ix":1},"s":{"a":0,"k":[100,100],"ix":3},"sk":{"a":0,"k":0,"ix":4},"p":{"a":0,"k":[0,0],"ix":2},"r":{"a":0,"k":0,"ix":6},"sa":{"a":0,"k":0,"ix":5},"o":{"a":0,"k":100,"ix":7}}]}],"ind":24,"parent":21},{"ty":4,"nm":"Path 23","sr":1,"st":0,"op":600,"ip":0,"hd":false,"ddd":0,"bm":0,"hasMask":false,"ao":0,"ks":{"a":{"a":0,"k":[20.585,11.393,0],"ix":1},"s":{"a":0,"k":[100,100,100],"ix":6},"sk":{"a":0,"k":0},"p":{"a":0,"k":[-6.581,-10.504,0],"ix":2},"r":{"a":0,"k":0,"ix":10},"sa":{"a":0,"k":0},"o":{"a":0,"k":100,"ix":11}},"ef":[],"shapes":[{"ty":"gr","bm":0,"hd":false,"mn":"ADBE Vector Group","nm":"Path 23","ix":1,"cix":2,"np":2,"it":[{"ty":"sh","bm":0,"hd":false,"mn":"ADBE Vector Shape - Group","nm":"Path 1","ix":1,"d":1,"ks":{"a":0,"k":{"c":true,"i":[[2.829,5.246],[-0.241,0.13],[-0.129,-0.24],[-6.53,-3.543],[-6.851,-0.948],[0.037,-0.271],[0.271,0.037],[8.431,4.574]],"o":[[-0.129,-0.241],[0.24,-0.13],[2.726,5.056],[8.329,4.519],[0.271,0.037],[-0.038,0.27],[-6.953,-0.962],[-6.68,-3.623]],"v":[[0.059,0.73],[0.261,0.059],[0.932,0.26],[15.852,13.306],[40.742,21.801],[41.165,22.359],[40.606,22.782],[15.378,14.178]]},"ix":2}},{"ty":"fl","bm":0,"hd":false,"mn":"ADBE Vector Graphic - Fill","nm":"Fill 1","c":{"a":0,"k":[0.2627,0.1765,0.298],"ix":4},"r":1,"o":{"a":0,"k":100,"ix":5}},{"ty":"tr","a":{"a":0,"k":[0,0],"ix":1},"s":{"a":0,"k":[100,100],"ix":3},"sk":{"a":0,"k":0,"ix":4},"p":{"a":0,"k":[0,0],"ix":2},"r":{"a":0,"k":0,"ix":6},"sa":{"a":0,"k":0,"ix":5},"o":{"a":0,"k":100,"ix":7}}]}],"ind":25,"parent":21},{"ty":4,"nm":"Path 22","sr":1,"st":0,"op":600,"ip":0,"hd":false,"ddd":0,"bm":0,"hasMask":false,"ao":0,"ks":{"a":{"a":0,"k":[51.768,42.845,0],"ix":1},"s":{"a":0,"k":[100,100,100],"ix":6},"sk":{"a":0,"k":0},"p":{"a":0,"k":[0,0,0],"ix":2},"r":{"a":0,"k":0,"ix":10},"sa":{"a":0,"k":0},"o":{"a":0,"k":100,"ix":11}},"ef":[],"shapes":[{"ty":"gr","bm":0,"hd":false,"mn":"ADBE Vector Group","nm":"Path 22","ix":1,"cix":2,"np":2,"it":[{"ty":"sh","bm":0,"hd":false,"mn":"ADBE Vector Shape - Group","nm":"Path 1","ix":1,"d":1,"ks":{"a":0,"k":{"c":true,"i":[[-6.154,-0.482],[5.564,-3.927],[1.757,-9.657],[5.467,-9.574],[5.74,7.938],[5.932,3.978],[1.316,-0.62],[6.544,1.66],[0.721,-0.708],[8.798,5.905],[3.382,-1.99],[2.376,3.306],[0,0],[0.833,-1.731],[-13.676,3.731],[5.549,-1.04],[-6.513,0.728],[-8.315,3.669],[0.803,-0.487],[0,0],[-11.926,-9.565]],"o":[[1.908,0.365],[5.142,6.48],[-0.375,2.061],[-0.507,0.889],[-2.913,-4.027],[-0.061,1.13],[-5.03,2.371],[1.883,1.94],[-2.252,2.212],[-2.132,7.035],[-9.052,5.326],[-10.897,-15.158],[-1.056,1.675],[-1.503,3.128],[0,0],[-2.036,0.383],[0.187,-2.833],[3.857,-1.702],[-3.963,2.401],[30.427,-14.354],[3.605,2.892]],"v":[[102.42,25.509],[98.514,31.368],[102.69,57.799],[91.045,84.049],[85.136,57.128],[73.891,44.349],[76.039,49.183],[50.298,47.445],[53.381,51.499],[28.087,44.353],[19.563,60.848],[12.081,85.36],[3.931,50.574],[0.841,55.422],[11.985,26.049],[4.279,26.344],[14.795,20.384],[24.562,2.511],[33.936,0.139],[28.833,5.879],[85.027,16.349]]},"ix":2}},{"ty":"fl","bm":0,"hd":false,"mn":"ADBE Vector Graphic - Fill","nm":"Fill 1","c":{"a":0,"k":[0.2078,0.1451,0.2392],"ix":4},"r":1,"o":{"a":0,"k":100,"ix":5}},{"ty":"tr","a":{"a":0,"k":[0,0],"ix":1},"s":{"a":0,"k":[100,100],"ix":3},"sk":{"a":0,"k":0,"ix":4},"p":{"a":0,"k":[0,0],"ix":2},"r":{"a":0,"k":0,"ix":6},"sa":{"a":0,"k":0,"ix":5},"o":{"a":0,"k":100,"ix":7}}]}],"ind":26,"parent":21},{"ty":4,"nm":"nose","sr":1,"st":0,"op":600,"ip":0,"hd":false,"ddd":0,"bm":0,"hasMask":false,"ao":0,"ks":{"a":{"a":0,"k":[0,0,0],"ix":1},"s":{"a":0,"k":[100,100,100],"ix":6},"sk":{"a":0,"k":0},"p":{"a":0,"k":[2.515,-15.175,0],"ix":2},"r":{"a":0,"k":0,"ix":10},"sa":{"a":0,"k":0},"o":{"a":0,"k":100,"ix":11}},"ef":[],"shapes":[{"ty":"rc","bm":0,"hd":false,"mn":"ADBE Vector Shape - Rect","nm":"Rectangle Path 1","d":1,"p":{"a":0,"k":[0,0],"ix":3},"r":{"a":0,"k":0,"ix":4},"s":{"a":0,"k":[6.77,12.899],"ix":2}}],"ind":27,"parent":1},{"ty":4,"nm":"Path 21","sr":1,"st":0,"op":600,"ip":0,"hd":false,"ddd":0,"bm":0,"hasMask":false,"ao":0,"ks":{"a":{"a":0,"k":[3.385,6.45,0],"ix":1},"s":{"a":0,"k":[100,100,100],"ix":6},"sk":{"a":0,"k":0},"p":{"a":0,"k":[0,0,0],"ix":2},"r":{"a":0,"k":0,"ix":10},"sa":{"a":0,"k":0},"o":{"a":0,"k":100,"ix":11}},"ef":[],"shapes":[{"ty":"gr","bm":0,"hd":false,"mn":"ADBE Vector Group","nm":"Path 21","ix":1,"cix":2,"np":2,"it":[{"ty":"sh","bm":0,"hd":false,"mn":"ADBE Vector Shape - Group","nm":"Path 1","ix":1,"d":1,"ks":{"a":0,"k":{"c":true,"i":[[1.226,0],[0,0.275],[-0.273,0],[-1.098,0.186],[0,0.411],[0.004,0.025],[-0.27,0.043],[-0.043,-0.271],[0,-1.489],[1.382,-0.234]],"o":[[-0.273,0],[0,-0.273],[1.191,0],[0.905,-0.154],[0,-1.428],[-0.042,-0.269],[0.269,-0.042],[0.003,0.026],[0,1.045],[-1.184,0.202]],"v":[[0.496,12.899],[0,12.403],[0.496,11.907],[4.209,11.71],[5.778,10.9],[4.327,0.572],[4.739,0.006],[5.305,0.417],[6.77,10.9],[4.372,12.686]]},"ix":2}},{"ty":"fl","bm":0,"hd":false,"mn":"ADBE Vector Graphic - Fill","nm":"Fill 1","c":{"a":0,"k":[0.8392,0.498,0.3294],"ix":4},"r":1,"o":{"a":0,"k":100,"ix":5}},{"ty":"tr","a":{"a":0,"k":[0,0],"ix":1},"s":{"a":0,"k":[100,100],"ix":3},"sk":{"a":0,"k":0,"ix":4},"p":{"a":0,"k":[0,0],"ix":2},"r":{"a":0,"k":0,"ix":6},"sa":{"a":0,"k":0,"ix":5},"o":{"a":0,"k":100,"ix":7}}]}],"ind":28,"parent":27},{"ty":4,"nm":"face","sr":1,"st":0,"op":600,"ip":0,"hd":false,"ddd":0,"bm":0,"hasMask":false,"ao":0,"ks":{"a":{"a":0,"k":[0,0,0],"ix":1},"s":{"a":0,"k":[100,100,100],"ix":6},"sk":{"a":0,"k":0},"p":{"a":0,"k":[0.094,-30.227,0],"ix":2},"r":{"a":0,"k":0,"ix":10},"sa":{"a":0,"k":0},"o":{"a":0,"k":100,"ix":11}},"ef":[],"shapes":[{"ty":"rc","bm":0,"hd":false,"mn":"ADBE Vector Shape - Rect","nm":"Rectangle Path 1","d":1,"p":{"a":0,"k":[0,0],"ix":3},"r":{"a":0,"k":0,"ix":4},"s":{"a":0,"k":[100.805,108.948],"ix":2}}],"ind":29,"parent":1},{"ty":4,"nm":"Group 2","sr":1,"st":0,"op":600,"ip":0,"hd":false,"ddd":0,"bm":0,"hasMask":false,"ao":0,"ks":{"a":{"a":0,"k":[0,0,0],"ix":1},"s":{"a":0,"k":[100,100,100],"ix":6},"sk":{"a":0,"k":0},"p":{"a":0,"k":[0,0,0],"ix":2},"r":{"a":0,"k":0,"ix":10},"sa":{"a":0,"k":0},"o":{"a":0,"k":100,"ix":11}},"ef":[],"shapes":[{"ty":"rc","bm":0,"hd":false,"mn":"ADBE Vector Shape - Rect","nm":"Rectangle Path 1","d":1,"p":{"a":0,"k":[0,0],"ix":3},"r":{"a":0,"k":0,"ix":4},"s":{"a":0,"k":[100.805,108.948],"ix":2}}],"ind":30,"parent":29},{"ty":4,"nm":"Path 20","sr":1,"st":0,"op":600,"ip":0,"hd":false,"ddd":0,"bm":0,"hasMask":false,"ao":0,"ks":{"a":{"a":0,"k":[5.823,4.172,0],"ix":1},"s":{"a":0,"k":[100,100,100],"ix":6},"sk":{"a":0,"k":0},"p":{"a":0,"k":[24.599,19.576,0],"ix":2},"r":{"a":0,"k":0,"ix":10},"sa":{"a":0,"k":0},"o":{"a":0,"k":100,"ix":11}},"ef":[],"shapes":[{"ty":"gr","bm":0,"hd":false,"mn":"ADBE Vector Group","nm":"Path 20","ix":1,"cix":2,"np":2,"it":[{"ty":"sh","bm":0,"hd":false,"mn":"ADBE Vector Shape - Group","nm":"Path 1","ix":1,"d":1,"ks":{"a":0,"k":{"c":true,"i":[[2.337,-1.793],[-2.21,-1.446],[-2.337,1.794],[2.21,1.447]],"o":[[-2.336,1.794],[2.21,1.447],[2.336,-1.793],[-2.21,-1.446]],"v":[[1.821,1.552],[1.593,7.419],[9.826,6.791],[10.054,0.924]]},"ix":2}},{"ty":"fl","bm":0,"hd":false,"mn":"ADBE Vector Graphic - Fill","nm":"Fill 1","c":{"a":0,"k":[0.8549,0.5647,0.4667],"ix":4},"r":1,"o":{"a":0,"k":100,"ix":5}},{"ty":"tr","a":{"a":0,"k":[0,0],"ix":1},"s":{"a":0,"k":[100,100],"ix":3},"sk":{"a":0,"k":0,"ix":4},"p":{"a":0,"k":[0,0],"ix":2},"r":{"a":0,"k":0,"ix":6},"sa":{"a":0,"k":0,"ix":5},"o":{"a":0,"k":100,"ix":7}}]}],"ind":31,"parent":30},{"ty":4,"nm":"Path 19","sr":1,"st":0,"op":600,"ip":0,"hd":false,"ddd":0,"bm":0,"hasMask":false,"ao":0,"ks":{"a":{"a":0,"k":[5.823,4.172,0],"ix":1},"s":{"a":0,"k":[100,100,100],"ix":6},"sk":{"a":0,"k":0},"p":{"a":0,"k":[-24.53,19.576,0],"ix":2},"r":{"a":0,"k":0,"ix":10},"sa":{"a":0,"k":0},"o":{"a":0,"k":100,"ix":11}},"ef":[],"shapes":[{"ty":"gr","bm":0,"hd":false,"mn":"ADBE Vector Group","nm":"Path 19","ix":1,"cix":2,"np":2,"it":[{"ty":"sh","bm":0,"hd":false,"mn":"ADBE Vector Shape - Group","nm":"Path 1","ix":1,"d":1,"ks":{"a":0,"k":{"c":true,"i":[[-2.336,-1.793],[2.21,-1.446],[2.337,1.794],[-2.21,1.447]],"o":[[2.337,1.794],[-2.21,1.447],[-2.336,-1.793],[2.21,-1.446]],"v":[[9.825,1.552],[10.054,7.419],[1.821,6.791],[1.593,0.924]]},"ix":2}},{"ty":"fl","bm":0,"hd":false,"mn":"ADBE Vector Graphic - Fill","nm":"Fill 1","c":{"a":0,"k":[0.8549,0.5647,0.4667],"ix":4},"r":1,"o":{"a":0,"k":100,"ix":5}},{"ty":"tr","a":{"a":0,"k":[0,0],"ix":1},"s":{"a":0,"k":[100,100],"ix":3},"sk":{"a":0,"k":0,"ix":4},"p":{"a":0,"k":[0,0],"ix":2},"r":{"a":0,"k":0,"ix":6},"sa":{"a":0,"k":0,"ix":5},"o":{"a":0,"k":100,"ix":7}}]}],"ind":32,"parent":30},{"ty":4,"nm":"Path 18","sr":1,"st":0,"op":600,"ip":0,"hd":false,"ddd":0,"bm":0,"hasMask":false,"ao":0,"ks":{"a":{"a":0,"k":[4.666,5.635,0],"ix":1},"s":{"a":0,"k":[100,100,100],"ix":6},"sk":{"a":0,"k":0},"p":{"a":0,"k":[-42.395,20.826,0],"ix":2},"r":{"a":0,"k":0,"ix":10},"sa":{"a":0,"k":0},"o":{"a":0,"k":100,"ix":11}},"ef":[],"shapes":[{"ty":"gr","bm":0,"hd":false,"mn":"ADBE Vector Group","nm":"Path 18","ix":1,"cix":2,"np":2,"it":[{"ty":"sh","bm":0,"hd":false,"mn":"ADBE Vector Shape - Group","nm":"Path 1","ix":1,"d":1,"ks":{"a":0,"k":{"c":true,"i":[[0,-1.508],[0.275,0],[0,0.273],[-0.558,0.685],[-0.644,0.015],[-0.632,-0.358],[-0.827,-1.89],[-0.112,-0.706],[0.029,-0.146],[0,0],[0.399,0.086],[0.179,0.18],[0.638,-0.063],[0.156,-0.111],[0.053,-0.177],[-0.546,-0.815],[0.227,-0.151],[0.153,0.227],[-0.204,0.681],[-0.315,0.227],[-0.403,0.041],[-0.762,-0.531],[0.359,0.82],[1.303,0.737],[0.406,-0.01],[0.253,-0.31]],"o":[[0,0.273],[-0.274,0],[0,-1.753],[0.452,-0.556],[0.592,-0.014],[1.473,0.834],[0.516,1.18],[0.037,0.234],[0,0],[-0.086,0.389],[-0.155,-0.033],[-0.673,-0.676],[-0.231,0.023],[-0.138,0.1],[-0.124,0.417],[0.152,0.227],[-0.227,0.153],[-0.73,-1.09],[0.117,-0.395],[0.299,-0.214],[0.71,-0.072],[-0.178,-0.638],[-0.745,-1.704],[-0.481,-0.274],[-0.353,0.008],[-0.418,0.516]],"v":[[0.991,4.421],[0.495,4.917],[0,4.421],[0.903,0.826],[2.575,0.001],[4.434,0.545],[8.248,5.016],[9.3,8.15],[9.315,8.729],[9.308,8.756],[8.592,9.235],[8.089,8.919],[5.972,8.028],[5.383,8.232],[5.089,8.648],[5.646,10.5],[5.51,11.186],[4.823,11.05],[4.14,8.365],[4.806,7.429],[5.875,7.044],[8.187,7.714],[7.341,5.412],[3.945,1.406],[2.594,0.99],[1.671,1.45]]},"ix":2}},{"ty":"fl","bm":0,"hd":false,"mn":"ADBE Vector Graphic - Fill","nm":"Fill 1","c":{"a":0,"k":[0.8392,0.498,0.3294],"ix":4},"r":1,"o":{"a":0,"k":100,"ix":5}},{"ty":"tr","a":{"a":0,"k":[0,0],"ix":1},"s":{"a":0,"k":[100,100],"ix":3},"sk":{"a":0,"k":0,"ix":4},"p":{"a":0,"k":[0,0],"ix":2},"r":{"a":0,"k":0,"ix":6},"sa":{"a":0,"k":0,"ix":5},"o":{"a":0,"k":100,"ix":7}}]}],"ind":33,"parent":30},{"ty":4,"nm":"Path 17","sr":1,"st":0,"op":600,"ip":0,"hd":false,"ddd":0,"bm":0,"hasMask":false,"ao":0,"ks":{"a":{"a":0,"k":[4.667,5.635,0],"ix":1},"s":{"a":0,"k":[100,100,100],"ix":6},"sk":{"a":0,"k":0},"p":{"a":0,"k":[42.209,20.826,0],"ix":2},"r":{"a":0,"k":0,"ix":10},"sa":{"a":0,"k":0},"o":{"a":0,"k":100,"ix":11}},"ef":[],"shapes":[{"ty":"gr","bm":0,"hd":false,"mn":"ADBE Vector Group","nm":"Path 17","ix":1,"cix":2,"np":2,"it":[{"ty":"sh","bm":0,"hd":false,"mn":"ADBE Vector Shape - Group","nm":"Path 1","ix":1,"d":1,"ks":{"a":0,"k":{"c":true,"i":[[0,-1.753],[0.274,0],[0,0.273],[0.419,0.516],[0.353,0.008],[0.481,-0.274],[0.746,-1.704],[0.177,-0.638],[-0.708,-0.072],[-0.298,-0.214],[-0.118,-0.395],[0.731,-1.09],[0.228,0.153],[-0.152,0.227],[0.125,0.417],[0.139,0.1],[0.23,0.023],[0.671,-0.676],[0.155,-0.033],[0.086,0.39],[0,0],[-0.037,0.234],[-0.515,1.18],[-1.473,0.834],[-0.591,-0.014],[-0.451,-0.556]],"o":[[0,0.273],[-0.275,0],[0,-1.508],[-0.251,-0.31],[-0.406,-0.01],[-1.303,0.737],[-0.358,0.82],[0.761,-0.531],[0.404,0.041],[0.314,0.227],[0.203,0.681],[-0.152,0.227],[-0.227,-0.151],[0.546,-0.815],[-0.052,-0.177],[-0.155,-0.111],[-0.638,-0.063],[-0.18,0.18],[-0.398,0.086],[0,0],[-0.031,-0.146],[0.112,-0.706],[0.827,-1.89],[0.631,-0.358],[0.644,0.015],[0.558,0.685]],"v":[[9.335,4.421],[8.839,4.917],[8.342,4.421],[7.662,1.45],[6.739,0.99],[5.388,1.406],[1.992,5.412],[1.147,7.714],[3.458,7.044],[4.528,7.429],[5.195,8.365],[4.51,11.05],[3.823,11.186],[3.688,10.5],[4.244,8.648],[3.95,8.232],[3.362,8.028],[1.246,8.919],[0.741,9.235],[0.025,8.756],[0.02,8.729],[0.033,8.15],[1.085,5.016],[4.9,0.545],[6.759,0.001],[8.43,0.826]]},"ix":2}},{"ty":"fl","bm":0,"hd":false,"mn":"ADBE Vector Graphic - Fill","nm":"Fill 1","c":{"a":0,"k":[0.8392,0.498,0.3294],"ix":4},"r":1,"o":{"a":0,"k":100,"ix":5}},{"ty":"tr","a":{"a":0,"k":[0,0],"ix":1},"s":{"a":0,"k":[100,100],"ix":3},"sk":{"a":0,"k":0,"ix":4},"p":{"a":0,"k":[0,0],"ix":2},"r":{"a":0,"k":0,"ix":6},"sa":{"a":0,"k":0,"ix":5},"o":{"a":0,"k":100,"ix":7}}]}],"ind":34,"parent":30},{"ty":4,"nm":"Path 16","sr":1,"st":0,"op":600,"ip":0,"hd":false,"ddd":0,"bm":0,"hasMask":false,"ao":0,"ks":{"a":{"a":0,"k":[43.425,54.474,0],"ix":1},"s":{"a":0,"k":[100,100,100],"ix":6},"sk":{"a":0,"k":0},"p":{"a":0,"k":[-0.094,0,0],"ix":2},"r":{"a":0,"k":0,"ix":10},"sa":{"a":0,"k":0},"o":{"a":0,"k":100,"ix":11}},"ef":[],"shapes":[{"ty":"gr","bm":0,"hd":false,"mn":"ADBE Vector Group","nm":"Path 16","ix":1,"cix":2,"np":2,"it":[{"ty":"sh","bm":0,"hd":false,"mn":"ADBE Vector Shape - Group","nm":"Path 1","ix":1,"d":1,"ks":{"a":0,"k":{"c":true,"i":[[45.773,1.101],[-68.884,-2.891]],"o":[[-45.773,1.101],[68.884,-2.891]],"v":[[43.425,108.94],[43.425,0.055]]},"ix":2}},{"ty":"fl","bm":0,"hd":false,"mn":"ADBE Vector Graphic - Fill","nm":"Fill 1","c":{"a":0,"k":[0.8941,0.6824,0.4863],"ix":4},"r":1,"o":{"a":0,"k":100,"ix":5}},{"ty":"tr","a":{"a":0,"k":[0,0],"ix":1},"s":{"a":0,"k":[100,100],"ix":3},"sk":{"a":0,"k":0,"ix":4},"p":{"a":0,"k":[0,0],"ix":2},"r":{"a":0,"k":0,"ix":6},"sa":{"a":0,"k":0,"ix":5},"o":{"a":0,"k":100,"ix":7}}]}],"ind":35,"parent":30},{"ty":4,"nm":"Path 15","sr":1,"st":0,"op":600,"ip":0,"hd":false,"ddd":0,"bm":0,"hasMask":false,"ao":0,"ks":{"a":{"a":0,"k":[9.072,9.975,0],"ix":1},"s":{"a":0,"k":[100,100,100],"ix":6},"sk":{"a":0,"k":0},"p":{"a":0,"k":[41.33,20.609,0],"ix":2},"r":{"a":0,"k":0,"ix":10},"sa":{"a":0,"k":0},"o":{"a":0,"k":100,"ix":11}},"ef":[],"shapes":[{"ty":"gr","bm":0,"hd":false,"mn":"ADBE Vector Group","nm":"Path 15","ix":1,"cix":2,"np":2,"it":[{"ty":"sh","bm":0,"hd":false,"mn":"ADBE Vector Shape - Group","nm":"Path 1","ix":1,"d":1,"ks":{"a":0,"k":{"c":true,"i":[[0,0],[-2.587,-6.21],[8.797,-0.69],[0,0]],"o":[[0.172,-1.899],[2.588,6.21],[-8.798,0.691],[0,0]],"v":[[6.911,2.007],[17.433,4.076],[6.566,19.774],[0.355,18.912]]},"ix":2}},{"ty":"fl","bm":0,"hd":false,"mn":"ADBE Vector Graphic - Fill","nm":"Fill 1","c":{"a":0,"k":[0.8941,0.6824,0.4863],"ix":4},"r":1,"o":{"a":0,"k":100,"ix":5}},{"ty":"tr","a":{"a":0,"k":[0,0],"ix":1},"s":{"a":0,"k":[100,100],"ix":3},"sk":{"a":0,"k":0,"ix":4},"p":{"a":0,"k":[0,0],"ix":2},"r":{"a":0,"k":0,"ix":6},"sa":{"a":0,"k":0,"ix":5},"o":{"a":0,"k":100,"ix":7}}]}],"ind":36,"parent":30},{"ty":4,"nm":"Path 14","sr":1,"st":0,"op":600,"ip":0,"hd":false,"ddd":0,"bm":0,"hasMask":false,"ao":0,"ks":{"a":{"a":0,"k":[9.072,9.975,0],"ix":1},"s":{"a":0,"k":[100,100,100],"ix":6},"sk":{"a":0,"k":0},"p":{"a":0,"k":[-41.33,20.609,0],"ix":2},"r":{"a":0,"k":0,"ix":10},"sa":{"a":0,"k":0},"o":{"a":0,"k":100,"ix":11}},"ef":[],"shapes":[{"ty":"gr","bm":0,"hd":false,"mn":"ADBE Vector Group","nm":"Path 14","ix":1,"cix":2,"np":2,"it":[{"ty":"sh","bm":0,"hd":false,"mn":"ADBE Vector Shape - Group","nm":"Path 1","ix":1,"d":1,"ks":{"a":0,"k":{"c":true,"i":[[0,0],[2.588,-6.21],[-8.797,-0.69],[0,0]],"o":[[-0.172,-1.899],[-2.587,6.21],[8.797,0.691],[0,0]],"v":[[11.235,2.007],[0.712,4.076],[11.58,19.774],[17.79,18.912]]},"ix":2}},{"ty":"fl","bm":0,"hd":false,"mn":"ADBE Vector Graphic - Fill","nm":"Fill 1","c":{"a":0,"k":[0.8941,0.6824,0.4863],"ix":4},"r":1,"o":{"a":0,"k":100,"ix":5}},{"ty":"tr","a":{"a":0,"k":[0,0],"ix":1},"s":{"a":0,"k":[100,100],"ix":3},"sk":{"a":0,"k":0,"ix":4},"p":{"a":0,"k":[0,0],"ix":2},"r":{"a":0,"k":0,"ix":6},"sa":{"a":0,"k":0,"ix":5},"o":{"a":0,"k":100,"ix":7}}]}],"ind":37,"parent":30},{"ty":4,"nm":"body","sr":1,"st":0,"op":600,"ip":0,"hd":false,"ddd":0,"bm":0,"hasMask":false,"ao":0,"ks":{"a":{"a":0,"k":[0,0,0],"ix":1},"s":{"a":0,"k":[100,100,100],"ix":6},"sk":{"a":0,"k":0},"p":{"a":0,"k":[0,56.143,0],"ix":2},"r":{"a":0,"k":0,"ix":10},"sa":{"a":0,"k":0},"o":{"a":0,"k":100,"ix":11}},"ef":[],"shapes":[{"ty":"rc","bm":0,"hd":false,"mn":"ADBE Vector Shape - Rect","nm":"Rectangle Path 1","d":1,"p":{"a":0,"k":[0,0],"ix":3},"r":{"a":0,"k":0,"ix":4},"s":{"a":0,"k":[142.003,89.237],"ix":2}}],"ind":38,"parent":1},{"ty":4,"nm":"Group 1","sr":1,"st":0,"op":600,"ip":0,"hd":false,"ddd":0,"bm":0,"hasMask":false,"ao":0,"ks":{"a":{"a":0,"k":[0,0,0],"ix":1},"s":{"a":0,"k":[100,100,100],"ix":6},"sk":{"a":0,"k":0},"p":{"a":0,"k":[0,0,0],"ix":2},"r":{"a":0,"k":0,"ix":10},"sa":{"a":0,"k":0},"o":{"a":0,"k":100,"ix":11}},"ef":[],"shapes":[{"ty":"rc","bm":0,"hd":false,"mn":"ADBE Vector Shape - Rect","nm":"Rectangle Path 1","d":1,"p":{"a":0,"k":[0,0],"ix":3},"r":{"a":0,"k":0,"ix":4},"s":{"a":0,"k":[142.003,89.237],"ix":2}}],"ind":39,"parent":38},{"ty":4,"nm":"Path 13","sr":1,"st":0,"op":600,"ip":0,"hd":false,"ddd":0,"bm":0,"hasMask":false,"ao":0,"ks":{"a":{"a":0,"k":[0.505,5.729,0],"ix":1},"s":{"a":0,"k":[100,100,100],"ix":6},"sk":{"a":0,"k":0},"p":{"a":0,"k":[-0.192,-23.082,0],"ix":2},"r":{"a":0,"k":0,"ix":10},"sa":{"a":0,"k":0},"o":{"a":0,"k":100,"ix":11}},"ef":[],"shapes":[{"ty":"gr","bm":0,"hd":false,"mn":"ADBE Vector Group","nm":"Path 13","ix":1,"cix":2,"np":2,"it":[{"ty":"sh","bm":0,"hd":false,"mn":"ADBE Vector Shape - Group","nm":"Path 1","ix":1,"d":1,"ks":{"a":0,"k":{"c":true,"i":[[0,0],[-0.273,0],[0,-0.273],[0,0],[0.273,0],[0,0.272]],"o":[[0,-0.273],[0.273,0],[0,0],[0,0.272],[-0.273,0],[0,0]],"v":[[0,0.495],[0.495,0],[0.989,0.495],[1.011,10.965],[0.517,11.459],[0.023,10.965]]},"ix":2}},{"ty":"fl","bm":0,"hd":false,"mn":"ADBE Vector Graphic - Fill","nm":"Fill 1","c":{"a":0,"k":[0.3451,0.3333,0.4235],"ix":4},"r":1,"o":{"a":0,"k":100,"ix":5}},{"ty":"tr","a":{"a":0,"k":[0,0],"ix":1},"s":{"a":0,"k":[100,100],"ix":3},"sk":{"a":0,"k":0,"ix":4},"p":{"a":0,"k":[0,0],"ix":2},"r":{"a":0,"k":0,"ix":6},"sa":{"a":0,"k":0,"ix":5},"o":{"a":0,"k":100,"ix":7}}]}],"ind":40,"parent":39},{"ty":4,"nm":"Path 12","sr":1,"st":0,"op":600,"ip":0,"hd":false,"ddd":0,"bm":0,"hasMask":false,"ao":0,"ks":{"a":{"a":0,"k":[1.326,5.729,0],"ix":1},"s":{"a":0,"k":[100,100,100],"ix":6},"sk":{"a":0,"k":0},"p":{"a":0,"k":[4.634,-23.082,0],"ix":2},"r":{"a":0,"k":0,"ix":10},"sa":{"a":0,"k":0},"o":{"a":0,"k":100,"ix":11}},"ef":[],"shapes":[{"ty":"gr","bm":0,"hd":false,"mn":"ADBE Vector Group","nm":"Path 12","ix":1,"cix":2,"np":2,"it":[{"ty":"sh","bm":0,"hd":false,"mn":"ADBE Vector Shape - Group","nm":"Path 1","ix":1,"d":1,"ks":{"a":0,"k":{"c":true,"i":[[0.022,0.675],[-0.273,0.01],[-0.009,-0.273],[-0.007,-0.657],[-0.131,-1.578],[-0.004,-0.005],[0.229,-0.147],[0.147,0.23],[0.206,2.484],[0.014,1.311]],"o":[[-0.008,-0.273],[0.274,-0.009],[0.022,0.663],[0.015,1.27],[0.187,2.243],[0.147,0.231],[-0.23,0.147],[-0.003,-0.006],[-0.13,-1.567],[-0.008,-0.64]],"v":[[0,0.51],[0.479,0],[0.989,0.479],[1.025,2.453],[1.186,6.591],[2.575,10.699],[2.424,11.381],[1.741,11.23],[0.197,6.672],[0.037,2.461]]},"ix":2}},{"ty":"fl","bm":0,"hd":false,"mn":"ADBE Vector Graphic - Fill","nm":"Fill 1","c":{"a":0,"k":[0.3451,0.3333,0.4235],"ix":4},"r":1,"o":{"a":0,"k":100,"ix":5}},{"ty":"tr","a":{"a":0,"k":[0,0],"ix":1},"s":{"a":0,"k":[100,100],"ix":3},"sk":{"a":0,"k":0,"ix":4},"p":{"a":0,"k":[0,0],"ix":2},"r":{"a":0,"k":0,"ix":6},"sa":{"a":0,"k":0,"ix":5},"o":{"a":0,"k":100,"ix":7}}]}],"ind":41,"parent":39},{"ty":4,"nm":"Path 11","sr":1,"st":0,"op":600,"ip":0,"hd":false,"ddd":0,"bm":0,"hasMask":false,"ao":0,"ks":{"a":{"a":0,"k":[1.326,5.729,0],"ix":1},"s":{"a":0,"k":[100,100,100],"ix":6},"sk":{"a":0,"k":0},"p":{"a":0,"k":[9.033,-23.87,0],"ix":2},"r":{"a":0,"k":0,"ix":10},"sa":{"a":0,"k":0},"o":{"a":0,"k":100,"ix":11}},"ef":[],"shapes":[{"ty":"gr","bm":0,"hd":false,"mn":"ADBE Vector Group","nm":"Path 11","ix":1,"cix":2,"np":2,"it":[{"ty":"sh","bm":0,"hd":false,"mn":"ADBE Vector Shape - Group","nm":"Path 1","ix":1,"d":1,"ks":{"a":0,"k":{"c":true,"i":[[0.021,0.675],[-0.273,0.009],[-0.009,-0.273],[-0.008,-0.658],[-0.132,-1.579],[-0.004,-0.006],[0.231,-0.148],[0.147,0.23],[0.206,2.483],[0.015,1.311]],"o":[[-0.008,-0.272],[0.273,-0.009],[0.021,0.663],[0.014,1.268],[0.186,2.243],[0.147,0.229],[-0.23,0.146],[-0.004,-0.006],[-0.13,-1.568],[-0.008,-0.64]],"v":[[0,0.509],[0.479,0],[0.989,0.478],[1.025,2.453],[1.186,6.59],[2.575,10.699],[2.423,11.381],[1.741,11.229],[0.197,6.672],[0.037,2.46]]},"ix":2}},{"ty":"fl","bm":0,"hd":false,"mn":"ADBE Vector Graphic - Fill","nm":"Fill 1","c":{"a":0,"k":[0.3451,0.3333,0.4235],"ix":4},"r":1,"o":{"a":0,"k":100,"ix":5}},{"ty":"tr","a":{"a":0,"k":[0,0],"ix":1},"s":{"a":0,"k":[100,100],"ix":3},"sk":{"a":0,"k":0,"ix":4},"p":{"a":0,"k":[0,0],"ix":2},"r":{"a":0,"k":0,"ix":6},"sa":{"a":0,"k":0,"ix":5},"o":{"a":0,"k":100,"ix":7}}]}],"ind":42,"parent":39},{"ty":4,"nm":"Path 10","sr":1,"st":0,"op":600,"ip":0,"hd":false,"ddd":0,"bm":0,"hasMask":false,"ao":0,"ks":{"a":{"a":0,"k":[1.326,5.729,0],"ix":1},"s":{"a":0,"k":[100,100,100],"ix":6},"sk":{"a":0,"k":0},"p":{"a":0,"k":[13.3,-24.657,0],"ix":2},"r":{"a":0,"k":0,"ix":10},"sa":{"a":0,"k":0},"o":{"a":0,"k":100,"ix":11}},"ef":[],"shapes":[{"ty":"gr","bm":0,"hd":false,"mn":"ADBE Vector Group","nm":"Path 10","ix":1,"cix":2,"np":2,"it":[{"ty":"sh","bm":0,"hd":false,"mn":"ADBE Vector Shape - Group","nm":"Path 1","ix":1,"d":1,"ks":{"a":0,"k":{"c":true,"i":[[0.022,0.676],[-0.273,0.008],[-0.009,-0.272],[-0.007,-0.658],[-0.131,-1.579],[-0.004,-0.005],[0.229,-0.148],[0.146,0.231],[0.206,2.483],[0.014,1.311]],"o":[[-0.008,-0.273],[0.274,-0.009],[0.022,0.663],[0.015,1.269],[0.187,2.243],[0.147,0.23],[-0.23,0.147],[-0.003,-0.006],[-0.13,-1.567],[-0.008,-0.641]],"v":[[0,0.509],[0.479,0],[0.989,0.478],[1.025,2.453],[1.186,6.59],[2.575,10.698],[2.424,11.381],[1.741,11.229],[0.197,6.672],[0.037,2.461]]},"ix":2}},{"ty":"fl","bm":0,"hd":false,"mn":"ADBE Vector Graphic - Fill","nm":"Fill 1","c":{"a":0,"k":[0.3451,0.3333,0.4235],"ix":4},"r":1,"o":{"a":0,"k":100,"ix":5}},{"ty":"tr","a":{"a":0,"k":[0,0],"ix":1},"s":{"a":0,"k":[100,100],"ix":3},"sk":{"a":0,"k":0,"ix":4},"p":{"a":0,"k":[0,0],"ix":2},"r":{"a":0,"k":0,"ix":6},"sa":{"a":0,"k":0,"ix":5},"o":{"a":0,"k":100,"ix":7}}]}],"ind":43,"parent":39},{"ty":4,"nm":"Path 9","sr":1,"st":0,"op":600,"ip":0,"hd":false,"ddd":0,"bm":0,"hasMask":false,"ao":0,"ks":{"a":{"a":0,"k":[1.326,5.73,0],"ix":1},"s":{"a":0,"k":[100,100,100],"ix":6},"sk":{"a":0,"k":0},"p":{"a":0,"k":[17.37,-26.102,0],"ix":2},"r":{"a":0,"k":0,"ix":10},"sa":{"a":0,"k":0},"o":{"a":0,"k":100,"ix":11}},"ef":[],"shapes":[{"ty":"gr","bm":0,"hd":false,"mn":"ADBE Vector Group","nm":"Path 9","ix":1,"cix":2,"np":2,"it":[{"ty":"sh","bm":0,"hd":false,"mn":"ADBE Vector Shape - Group","nm":"Path 1","ix":1,"d":1,"ks":{"a":0,"k":{"c":true,"i":[[0.022,0.676],[-0.273,0.009],[-0.009,-0.273],[-0.008,-0.658],[-0.131,-1.579],[-0.003,-0.005],[0.23,-0.146],[0.146,0.23],[0.207,2.484],[0.014,1.312]],"o":[[-0.008,-0.273],[0.274,-0.008],[0.022,0.663],[0.014,1.27],[0.187,2.243],[0.147,0.23],[-0.23,0.148],[-0.004,-0.005],[-0.13,-1.566],[-0.008,-0.64]],"v":[[0,0.51],[0.479,0],[0.989,0.479],[1.026,2.453],[1.186,6.591],[2.575,10.699],[2.424,11.381],[1.742,11.23],[0.197,6.672],[0.038,2.461]]},"ix":2}},{"ty":"fl","bm":0,"hd":false,"mn":"ADBE Vector Graphic - Fill","nm":"Fill 1","c":{"a":0,"k":[0.3451,0.3333,0.4235],"ix":4},"r":1,"o":{"a":0,"k":100,"ix":5}},{"ty":"tr","a":{"a":0,"k":[0,0],"ix":1},"s":{"a":0,"k":[100,100],"ix":3},"sk":{"a":0,"k":0,"ix":4},"p":{"a":0,"k":[0,0],"ix":2},"r":{"a":0,"k":0,"ix":6},"sa":{"a":0,"k":0,"ix":5},"o":{"a":0,"k":100,"ix":7}}]}],"ind":44,"parent":39},{"ty":4,"nm":"Path 8","sr":1,"st":0,"op":600,"ip":0,"hd":false,"ddd":0,"bm":0,"hasMask":false,"ao":0,"ks":{"a":{"a":0,"k":[1.326,5.729,0],"ix":1},"s":{"a":0,"k":[100,100,100],"ix":6},"sk":{"a":0,"k":0},"p":{"a":0,"k":[-5.148,-23.082,0],"ix":2},"r":{"a":0,"k":0,"ix":10},"sa":{"a":0,"k":0},"o":{"a":0,"k":100,"ix":11}},"ef":[],"shapes":[{"ty":"gr","bm":0,"hd":false,"mn":"ADBE Vector Group","nm":"Path 8","ix":1,"cix":2,"np":2,"it":[{"ty":"sh","bm":0,"hd":false,"mn":"ADBE Vector Shape - Group","nm":"Path 1","ix":1,"d":1,"ks":{"a":0,"k":{"c":true,"i":[[-0.021,0.663],[-0.272,-0.009],[0.009,-0.273],[0.007,-0.64],[0.131,-1.567],[0.004,-0.006],[0.231,0.147],[-0.147,0.231],[-0.187,2.243],[-0.015,1.27]],"o":[[0.009,-0.273],[0.274,0.01],[-0.022,0.675],[-0.015,1.311],[-0.206,2.484],[-0.146,0.23],[-0.229,-0.147],[0.003,-0.005],[0.131,-1.578],[0.007,-0.657]],"v":[[1.664,0.479],[2.173,0],[2.652,0.51],[2.616,2.461],[2.455,6.672],[0.911,11.23],[0.228,11.381],[0.078,10.699],[1.467,6.591],[1.628,2.453]]},"ix":2}},{"ty":"fl","bm":0,"hd":false,"mn":"ADBE Vector Graphic - Fill","nm":"Fill 1","c":{"a":0,"k":[0.3451,0.3333,0.4235],"ix":4},"r":1,"o":{"a":0,"k":100,"ix":5}},{"ty":"tr","a":{"a":0,"k":[0,0],"ix":1},"s":{"a":0,"k":[100,100],"ix":3},"sk":{"a":0,"k":0,"ix":4},"p":{"a":0,"k":[0,0],"ix":2},"r":{"a":0,"k":0,"ix":6},"sa":{"a":0,"k":0,"ix":5},"o":{"a":0,"k":100,"ix":7}}]}],"ind":45,"parent":39},{"ty":4,"nm":"Path 7","sr":1,"st":0,"op":600,"ip":0,"hd":false,"ddd":0,"bm":0,"hasMask":false,"ao":0,"ks":{"a":{"a":0,"k":[1.326,5.729,0],"ix":1},"s":{"a":0,"k":[100,100,100],"ix":6},"sk":{"a":0,"k":0},"p":{"a":0,"k":[-9.546,-23.87,0],"ix":2},"r":{"a":0,"k":0,"ix":10},"sa":{"a":0,"k":0},"o":{"a":0,"k":100,"ix":11}},"ef":[],"shapes":[{"ty":"gr","bm":0,"hd":false,"mn":"ADBE Vector Group","nm":"Path 7","ix":1,"cix":2,"np":2,"it":[{"ty":"sh","bm":0,"hd":false,"mn":"ADBE Vector Shape - Group","nm":"Path 1","ix":1,"d":1,"ks":{"a":0,"k":{"c":true,"i":[[-0.021,0.663],[-0.273,-0.009],[0.01,-0.272],[0.008,-0.64],[0.131,-1.568],[0.003,-0.006],[0.23,0.146],[-0.147,0.229],[-0.186,2.243],[-0.015,1.268]],"o":[[0.009,-0.273],[0.273,0.009],[-0.021,0.675],[-0.014,1.311],[-0.207,2.483],[-0.147,0.23],[-0.23,-0.148],[0.002,-0.006],[0.132,-1.579],[0.007,-0.658]],"v":[[1.663,0.478],[2.173,0],[2.651,0.509],[2.615,2.46],[2.455,6.672],[0.911,11.229],[0.228,11.381],[0.078,10.699],[1.466,6.59],[1.627,2.453]]},"ix":2}},{"ty":"fl","bm":0,"hd":false,"mn":"ADBE Vector Graphic - Fill","nm":"Fill 1","c":{"a":0,"k":[0.3451,0.3333,0.4235],"ix":4},"r":1,"o":{"a":0,"k":100,"ix":5}},{"ty":"tr","a":{"a":0,"k":[0,0],"ix":1},"s":{"a":0,"k":[100,100],"ix":3},"sk":{"a":0,"k":0,"ix":4},"p":{"a":0,"k":[0,0],"ix":2},"r":{"a":0,"k":0,"ix":6},"sa":{"a":0,"k":0,"ix":5},"o":{"a":0,"k":100,"ix":7}}]}],"ind":46,"parent":39},{"ty":4,"nm":"Path 6","sr":1,"st":0,"op":600,"ip":0,"hd":false,"ddd":0,"bm":0,"hasMask":false,"ao":0,"ks":{"a":{"a":0,"k":[1.326,5.729,0],"ix":1},"s":{"a":0,"k":[100,100,100],"ix":6},"sk":{"a":0,"k":0},"p":{"a":0,"k":[-13.814,-24.657,0],"ix":2},"r":{"a":0,"k":0,"ix":10},"sa":{"a":0,"k":0},"o":{"a":0,"k":100,"ix":11}},"ef":[],"shapes":[{"ty":"gr","bm":0,"hd":false,"mn":"ADBE Vector Group","nm":"Path 6","ix":1,"cix":2,"np":2,"it":[{"ty":"sh","bm":0,"hd":false,"mn":"ADBE Vector Shape - Group","nm":"Path 1","ix":1,"d":1,"ks":{"a":0,"k":{"c":true,"i":[[-0.021,0.663],[-0.273,-0.009],[0.009,-0.273],[0.007,-0.641],[0.131,-1.567],[0.004,-0.006],[0.231,0.147],[-0.147,0.23],[-0.187,2.243],[-0.015,1.269]],"o":[[0.009,-0.272],[0.273,0.008],[-0.022,0.676],[-0.015,1.311],[-0.206,2.483],[-0.147,0.231],[-0.229,-0.148],[0.003,-0.005],[0.131,-1.579],[0.007,-0.658]],"v":[[1.664,0.478],[2.174,0],[2.652,0.509],[2.616,2.461],[2.455,6.672],[0.911,11.229],[0.228,11.381],[0.078,10.698],[1.467,6.59],[1.628,2.453]]},"ix":2}},{"ty":"fl","bm":0,"hd":false,"mn":"ADBE Vector Graphic - Fill","nm":"Fill 1","c":{"a":0,"k":[0.3451,0.3333,0.4235],"ix":4},"r":1,"o":{"a":0,"k":100,"ix":5}},{"ty":"tr","a":{"a":0,"k":[0,0],"ix":1},"s":{"a":0,"k":[100,100],"ix":3},"sk":{"a":0,"k":0,"ix":4},"p":{"a":0,"k":[0,0],"ix":2},"r":{"a":0,"k":0,"ix":6},"sa":{"a":0,"k":0,"ix":5},"o":{"a":0,"k":100,"ix":7}}]}],"ind":47,"parent":39},{"ty":4,"nm":"Path 5","sr":1,"st":0,"op":600,"ip":0,"hd":false,"ddd":0,"bm":0,"hasMask":false,"ao":0,"ks":{"a":{"a":0,"k":[1.326,5.73,0],"ix":1},"s":{"a":0,"k":[100,100,100],"ix":6},"sk":{"a":0,"k":0},"p":{"a":0,"k":[-17.884,-26.102,0],"ix":2},"r":{"a":0,"k":0,"ix":10},"sa":{"a":0,"k":0},"o":{"a":0,"k":100,"ix":11}},"ef":[],"shapes":[{"ty":"gr","bm":0,"hd":false,"mn":"ADBE Vector Group","nm":"Path 5","ix":1,"cix":2,"np":2,"it":[{"ty":"sh","bm":0,"hd":false,"mn":"ADBE Vector Shape - Group","nm":"Path 1","ix":1,"d":1,"ks":{"a":0,"k":{"c":true,"i":[[-0.021,0.663],[-0.273,-0.008],[0.009,-0.273],[0.007,-0.64],[0.131,-1.566],[0.004,-0.005],[0.231,0.148],[-0.147,0.23],[-0.187,2.243],[-0.015,1.27]],"o":[[0.008,-0.273],[0.274,0.009],[-0.022,0.676],[-0.015,1.312],[-0.207,2.484],[-0.147,0.23],[-0.229,-0.146],[0.003,-0.005],[0.131,-1.579],[0.007,-0.658]],"v":[[1.664,0.479],[2.173,0],[2.652,0.51],[2.616,2.461],[2.455,6.672],[0.911,11.23],[0.228,11.381],[0.078,10.699],[1.467,6.591],[1.627,2.453]]},"ix":2}},{"ty":"fl","bm":0,"hd":false,"mn":"ADBE Vector Graphic - Fill","nm":"Fill 1","c":{"a":0,"k":[0.3451,0.3333,0.4235],"ix":4},"r":1,"o":{"a":0,"k":100,"ix":5}},{"ty":"tr","a":{"a":0,"k":[0,0],"ix":1},"s":{"a":0,"k":[100,100],"ix":3},"sk":{"a":0,"k":0,"ix":4},"p":{"a":0,"k":[0,0],"ix":2},"r":{"a":0,"k":0,"ix":6},"sa":{"a":0,"k":0,"ix":5},"o":{"a":0,"k":100,"ix":7}}]}],"ind":48,"parent":39},{"ty":4,"nm":"Path 4","sr":1,"st":0,"op":600,"ip":0,"hd":false,"ddd":0,"bm":0,"hasMask":false,"ao":0,"ks":{"a":{"a":0,"k":[0.833,11.012,0],"ix":1},"s":{"a":0,"k":[100,100,100],"ix":6},"sk":{"a":0,"k":0},"p":{"a":0,"k":[51.113,33.607,0],"ix":2},"r":{"a":0,"k":0,"ix":10},"sa":{"a":0,"k":0},"o":{"a":0,"k":100,"ix":11}},"ef":[],"shapes":[{"ty":"gr","bm":0,"hd":false,"mn":"ADBE Vector Group","nm":"Path 4","ix":1,"cix":2,"np":2,"it":[{"ty":"sh","bm":0,"hd":false,"mn":"ADBE Vector Shape - Group","nm":"Path 1","ix":1,"d":1,"ks":{"a":0,"k":{"c":true,"i":[[0,0],[-0.409,-0.003],[0.004,-0.41],[0,0],[0.41,0.002],[-0.003,0.41]],"o":[[0.003,-0.41],[0.41,0.004],[0,0],[-0.004,0.41],[-0.409,-0.003],[0,0]],"v":[[0.183,0.736],[0.93,0],[1.666,0.748],[1.484,21.286],[0.736,22.023],[0,21.275]]},"ix":2}},{"ty":"fl","bm":0,"hd":false,"mn":"ADBE Vector Graphic - Fill","nm":"Fill 1","c":{"a":0,"k":[0.2196,0.2078,0.2745],"ix":4},"r":1,"o":{"a":0,"k":100,"ix":5}},{"ty":"tr","a":{"a":0,"k":[0,0],"ix":1},"s":{"a":0,"k":[100,100],"ix":3},"sk":{"a":0,"k":0,"ix":4},"p":{"a":0,"k":[0,0],"ix":2},"r":{"a":0,"k":0,"ix":6},"sa":{"a":0,"k":0,"ix":5},"o":{"a":0,"k":100,"ix":7}}]}],"ind":49,"parent":39},{"ty":4,"nm":"Path 3","sr":1,"st":0,"op":600,"ip":0,"hd":false,"ddd":0,"bm":0,"hasMask":false,"ao":0,"ks":{"a":{"a":0,"k":[0.833,11.012,0],"ix":1},"s":{"a":0,"k":[100,100,100],"ix":6},"sk":{"a":0,"k":0},"p":{"a":0,"k":[-51.113,33.607,0],"ix":2},"r":{"a":0,"k":0,"ix":10},"sa":{"a":0,"k":0},"o":{"a":0,"k":100,"ix":11}},"ef":[],"shapes":[{"ty":"gr","bm":0,"hd":false,"mn":"ADBE Vector Group","nm":"Path 3","ix":1,"cix":2,"np":2,"it":[{"ty":"sh","bm":0,"hd":false,"mn":"ADBE Vector Shape - Group","nm":"Path 1","ix":1,"d":1,"ks":{"a":0,"k":{"c":true,"i":[[0,0],[-0.409,-0.003],[0.003,-0.41],[0,0],[0.41,0.002],[-0.002,0.41]],"o":[[0.003,-0.41],[0.41,0.004],[0,0],[-0.004,0.41],[-0.409,-0.003],[0,0]],"v":[[0.183,0.736],[0.93,0],[1.666,0.748],[1.484,21.286],[0.736,22.023],[0,21.275]]},"ix":2}},{"ty":"fl","bm":0,"hd":false,"mn":"ADBE Vector Graphic - Fill","nm":"Fill 1","c":{"a":0,"k":[0.2196,0.2078,0.2745],"ix":4},"r":1,"o":{"a":0,"k":100,"ix":5}},{"ty":"tr","a":{"a":0,"k":[0,0],"ix":1},"s":{"a":0,"k":[100,100],"ix":3},"sk":{"a":0,"k":0,"ix":4},"p":{"a":0,"k":[0,0],"ix":2},"r":{"a":0,"k":0,"ix":6},"sa":{"a":0,"k":0,"ix":5},"o":{"a":0,"k":100,"ix":7}}]}],"ind":50,"parent":39},{"ty":4,"nm":"Path 2","sr":1,"st":0,"op":600,"ip":0,"hd":false,"ddd":0,"bm":0,"hasMask":false,"ao":0,"ks":{"a":{"a":0,"k":[21.781,8.502,0],"ix":1},"s":{"a":0,"k":[100,100,100],"ix":6},"sk":{"a":0,"k":0},"p":{"a":0,"k":[-0.02,-25.285,0],"ix":2},"r":{"a":0,"k":0,"ix":10},"sa":{"a":0,"k":0},"o":{"a":0,"k":100,"ix":11}},"ef":[],"shapes":[{"ty":"gr","bm":0,"hd":false,"mn":"ADBE Vector Group","nm":"Path 2","ix":1,"cix":2,"np":2,"it":[{"ty":"sh","bm":0,"hd":false,"mn":"ADBE Vector Shape - Group","nm":"Path 1","ix":1,"d":1,"ks":{"a":0,"k":{"c":true,"i":[[12.202,5.228],[-0.001,-0.917],[0.665,-2.521],[-1.359,-0.528],[-6.844,-0.137],[-7.013,2.725],[0.702,2.663],[-0.002,0.993],[0.508,-0.218]],"o":[[-0.507,-0.218],[0.002,0.993],[-0.702,2.663],[6.254,2.43],[7.676,0.157],[1.359,-0.528],[-0.665,-2.521],[0.002,-0.917],[-12.202,5.228]],"v":[[2.69,0.115],[0.882,0.832],[1.147,7.76],[0.624,13.14],[20.534,16.992],[42.937,13.14],[42.414,7.76],[42.679,0.832],[40.871,0.115]]},"ix":2}},{"ty":"fl","bm":0,"hd":false,"mn":"ADBE Vector Graphic - Fill","nm":"Fill 1","c":{"a":0,"k":[0.4039,0.3843,0.4941],"ix":4},"r":1,"o":{"a":0,"k":100,"ix":5}},{"ty":"tr","a":{"a":0,"k":[0,0],"ix":1},"s":{"a":0,"k":[100,100],"ix":3},"sk":{"a":0,"k":0,"ix":4},"p":{"a":0,"k":[0,0],"ix":2},"r":{"a":0,"k":0,"ix":6},"sa":{"a":0,"k":0,"ix":5},"o":{"a":0,"k":100,"ix":7}}]}],"ind":51,"parent":39},{"ty":4,"nm":"Path 1","sr":1,"st":0,"op":600,"ip":0,"hd":false,"ddd":0,"bm":0,"hasMask":false,"ao":0,"ks":{"a":{"a":0,"k":[71.002,44.247,0],"ix":1},"s":{"a":0,"k":[100,100,100],"ix":6},"sk":{"a":0,"k":0},"p":{"a":0,"k":[0,-0.372,0],"ix":2},"r":{"a":0,"k":0,"ix":10},"sa":{"a":0,"k":0},"o":{"a":0,"k":100,"ix":11}},"ef":[],"shapes":[{"ty":"gr","bm":0,"hd":false,"mn":"ADBE Vector Group","nm":"Path 1","ix":1,"cix":2,"np":2,"it":[{"ty":"sh","bm":0,"hd":false,"mn":"ADBE Vector Shape - Group","nm":"Path 1","ix":1,"d":1,"ks":{"a":0,"k":{"c":true,"i":[[0,0],[0,0],[-23.98,7.863],[0,0],[0,0],[0,0],[-1.946,-10.127],[0.822,-36.297]],"o":[[0,0],[-0.821,-36.297],[1.945,-10.127],[0,0],[0,0],[0,0],[23.979,7.863],[0,0]],"v":[[71.002,88.494],[0.018,88.494],[51.105,23.262],[52.553,0],[71.002,0],[89.452,0],[90.901,23.262],[141.986,88.494]]},"ix":2}},{"ty":"fl","bm":0,"hd":false,"mn":"ADBE Vector Graphic - Fill","nm":"Fill 1","c":{"a":0,"k":[0.3451,0.3333,0.4235],"ix":4},"r":1,"o":{"a":0,"k":100,"ix":5}},{"ty":"tr","a":{"a":0,"k":[0,0],"ix":1},"s":{"a":0,"k":[100,100],"ix":3},"sk":{"a":0,"k":0,"ix":4},"p":{"a":0,"k":[0,0],"ix":2},"r":{"a":0,"k":0,"ix":6},"sa":{"a":0,"k":0,"ix":5},"o":{"a":0,"k":100,"ix":7}}]}],"ind":52,"parent":39},{"ty":4,"nm":"Background","sr":1,"st":0,"op":600,"ip":0,"hd":false,"ddd":0,"bm":0,"hasMask":false,"ao":0,"ks":{"a":{"a":0,"k":[0,0,0],"ix":1},"s":{"a":0,"k":[100,100,100],"ix":6},"sk":{"a":0,"k":0},"p":{"a":0,"k":[0,6.576,0],"ix":2},"r":{"a":0,"k":0,"ix":10},"sa":{"a":0,"k":0},"o":{"a":0,"k":100,"ix":11}},"ef":[],"shapes":[{"ty":"rc","bm":0,"hd":false,"mn":"ADBE Vector Shape - Rect","nm":"Rectangle Path 1","d":1,"p":{"a":0,"k":[0,0],"ix":3},"r":{"a":0,"k":0,"ix":4},"s":{"a":0,"k":[172.448,172.447],"ix":2}}],"ind":53,"parent":1},{"ty":4,"nm":"Rectangle 1","sr":1,"st":0,"op":600,"ip":0,"hd":false,"ddd":0,"bm":0,"hasMask":false,"ao":0,"ks":{"a":{"a":0,"k":[86.224,86.224,0],"ix":1},"s":{"a":0,"k":[100,100,100],"ix":6},"sk":{"a":0,"k":0},"p":{"a":0,"k":[0,0,0],"ix":2},"r":{"a":0,"k":0,"ix":10},"sa":{"a":0,"k":0},"o":{"a":0,"k":100,"ix":11}},"ef":[],"shapes":[{"ty":"gr","bm":0,"hd":false,"mn":"ADBE Vector Group","nm":"Rectangle 1","ix":1,"cix":2,"np":2,"it":[{"ty":"sh","bm":0,"hd":false,"mn":"ADBE Vector Shape - Group","nm":"Path 1","ix":1,"d":1,"ks":{"a":0,"k":{"c":true,"i":[[0,0],[-16.205,0],[0,0],[0,-16.205],[0,0],[16.204,0],[0,0],[0,16.205]],"o":[[0,-16.205],[0,0],[16.205,0],[0,0],[0,16.204],[0,0],[-16.205,0],[0,0]],"v":[[0,29.342],[29.342,0],[143.106,0],[172.448,29.342],[172.448,143.106],[143.107,172.447],[29.342,172.447],[0,143.105]]},"ix":2}},{"ty":"fl","bm":0,"hd":false,"mn":"ADBE Vector Graphic - Fill","nm":"Fill 1","c":{"a":0,"k":[0.4627,0.8392,0.6627],"ix":4},"r":1,"o":{"a":0,"k":100,"ix":5}},{"ty":"tr","a":{"a":0,"k":[0,0],"ix":1},"s":{"a":0,"k":[100,100],"ix":3},"sk":{"a":0,"k":0,"ix":4},"p":{"a":0,"k":[0,0],"ix":2},"r":{"a":0,"k":0,"ix":6},"sa":{"a":0,"k":0,"ix":5},"o":{"a":0,"k":100,"ix":7}}]}],"ind":54,"parent":53}],"v":"4.8.0","fr":60,"op":600,"ip":0,"assets":[]}